ເພີ່ມຄວາມອິດສະຫຼະໃນການເບິ່ງເຫັນ,Increase independence seeing , ການນຳສົ່ງໄປກວດຕາທີ່ສະຖານບໍລິການປິ່ນປົວ,Referral for eye examination at health facility,ກວດກາເບິ່ງຄວາມພ້ອມດ້ານບໍລິການ ແລະ ກຳນົດການນັດໝາຍ,Check availability of service and schedule of appointments
ເພີ່ມຄວາມອິດສະຫຼະໃນການເບິ່ງເຫັນ,Increase independence seeing , ການນຳສົ່ງໄປກວດຕາທີ່ສະຖານບໍລິການປິ່ນປົວ,Referral for eye examination at health facility,ຂໍຄວາມຍິນຍອມຈາກຄົນເຈັບ ແລະ ຄອບຄົວເພື່ອນຳສົ່ງຄົນເຈັບ,Get informed consent from person and family 
ເພີ່ມຄວາມອິດສະຫຼະໃນການເບິ່ງເຫັນ,Increase independence seeing , ການນຳສົ່ງໄປກວດຕາທີ່ສະຖານບໍລິການປິ່ນປົວ,Referral for eye examination at health facility, ຈັດກຽມການສົ່ງຕໍ່ໄປຍັງສະຖານບໍລິການປິ່ນປົວ,Organize referral to health facility
ເພີ່ມຄວາມອິດສະຫຼະໃນການເບິ່ງເຫັນ,Increase independence seeing , ການນຳສົ່ງໄປກວດຕາທີ່ສະຖານບໍລິການປິ່ນປົວ,Referral for eye examination at health facility, ໃຫ້ການສະໜັບສະຫນູນທາງດ້ານການເງິນ (ການຂົນສົ່ງ / ຄ່າໃຊ້ຈ່າຍດ້ານການແພດ) ຖ້າຈຳເປັນ,Provide financial support (transport and /or medical costs) if needed
ເພີ່ມຄວາມອິດສະຫຼະໃນການເບິ່ງເຫັນ,Increase independence seeing , ການນຳສົ່ງໄປກວດຕາທີ່ສະຖານບໍລິການປິ່ນປົວ,Referral for eye examination at health facility,ກວດກາເບິ່ງການເຂົ້າປິ່ນປົວຢູ່ສະຖານບໍລິການ ແລະ ການໃຫ້ຄຳແນະນຳ ( ການປິ່ນປົວ/ການຜ່າຕັດ/ ການສະໜອງແວ່ນຕາ) ໂດຍທ່ານໝໍ ,Check attendance at health facility and recommendations (treatment/surgery/ provision of glasses) provided by the doctor
ເພີ່ມຄວາມອິດສະຫຼະໃນການເບິ່ງເຫັນ,Increase independence seeing , ການນຳສົ່ງໄປກວດຕາທີ່ສະຖານບໍລິການປິ່ນປົວ,Referral for eye examination at health facility, ສະໜັບສະໜູນຄົນເຈັບຊື້ແວ່ນຕາຈາກຮ້ານຂາຍແວ່ນຕາ ເມື່ອຈຳເປັນ,Support person to buy glasses from optician shop if needed
ເພີ່ມຄວາມອິດສະຫຼະໃນການເບິ່ງເຫັນ,Increase independence seeing , ການນຳສົ່ງໄປກວດຕາທີ່ສະຖານບໍລິການປິ່ນປົວ,Referral for eye examination at health facility, ຊື້ອຸປະກອນອຳນວຍຄວາມສະດວກໃນການເບິ່ງເຫັນ (ແວ່ນຂະຫຍາຍ / ແວ່ນອ່ານໜັງສື)ຈາກຮ້ານຂາຍຢາ,Purchase other vision assistive products (magnifier/ reading glasses) from pharmacy
ເພີ່ມຄວາມອິດສະຫຼະໃນການເບິ່ງເຫັນ,Increase independence seeing , ການນຳສົ່ງໄປກວດຕາທີ່ສະຖານບໍລິການປິ່ນປົວ,Referral for eye examination at health facility, ໃຫ້ການສະໜັບສະຫນູນທາງດ້ານການເງິນ (ການຂົນສົ່ງ / ຄ່າໃຊ້ຈ່າຍດ້ານການແພດ) ສຳລັບການຜ່າຕັດຕາ ຖ້າຈຳເປັນ,Provide financial support (transport and/or medical costs) for eye surgery if needed
ເພີ່ມຄວາມອິດສະຫຼະໃນການເບິ່ງເຫັນ,Increase independence seeing , ການນຳສົ່ງໄປກວດຕາທີ່ສະຖານບໍລິການປິ່ນປົວ,Referral for eye examination at health facility, ໃຫ້ຄຳແນະນຳກ່ຽວກັບການໃຊ້ ແລະ ສ້ອມແປງແວ່ນຕາ ແລະ ອຸປະກອນອຳນວຍຄວາມສະດວກໃນການເບິ່ງເຫັນຕ່າງໆ,Provide advice on use and maintenance of glasses and/or other vision assistive products
ເພີ່ມຄວາມອິດສະຫຼະໃນການເບິ່ງເຫັນ,Increase independence seeing , ການນຳສົ່ງໄປກວດຕາທີ່ສະຖານບໍລິການປິ່ນປົວ,Referral for eye examination at health facility, ສົ່ງເສີມໃຫ້ໃຊ້ແວ່ນຕາ ແລະ ອຸປະກອນອຳນວຍຄວາມສະດວກໃນການເບິ່ງເຫັນ,Encourage use of glasses/ vision assistive product
ເພີ່ມຄວາມອິດສະຫຼະໃນການເບິ່ງເຫັນ,Increase independence seeing , ການນຳສົ່ງໄປກວດຕາທີ່ສະຖານບໍລິການປິ່ນປົວ,Referral for eye examination at health facility,ຕິດຕາມການໃຊ້ແວ່ນຕາ ແລະ ອຸປະກອນອຳນວຍຄວາມສະດວກໃນການເບິ່ງເຫັນ,Monitor use of glasses/ vision assistive product
ເພີ່ມຄວາມອິດສະຫຼະໃນການເບິ່ງເຫັນ,Increase independence seeing , ການນຳສົ່ງໄປກວດຕາທີ່ສະຖານບໍລິການປິ່ນປົວ,Referral for eye examination at health facility,ສະໜັບສະໜູນການສ້ອມແປງແວ່ນຕາ ແລະ ອຸປະກອນອຳນວຍຄວາມສະດວກໃນການເບິ່ງເຫັນ,Support repairs of glasses/ vision assistive product if needed
ເພີ່ມຄວາມອິດສະຫຼະໃນການເບິ່ງເຫັນ,Increase independence seeing ,ການນຳສົ່ງໄປຍັງຜູ້ສະໜອງບໍລິການເພື່ອຂໍອຸປະກອນອຳນວຍຄວາມດວກໃນການເບິ່ງເຫັນ (ໄມ້ເທົ້າຊ່ວຍຍ່າງ / ອຸປະກອນດ້ານອັກສອນນູນ),Referral to service provider  for vision assistive product (white cane and/or braille equipment),ກວດກາເບິ່ງຄວາມພ້ອມດ້ານບໍລິການ ແລະ ກຳນົດການນັດໝາຍ,Check availability of service and schedule of appointments
ເພີ່ມຄວາມອິດສະຫຼະໃນການເບິ່ງເຫັນ,Increase independence seeing ,ການນຳສົ່ງໄປຍັງຜູ້ສະໜອງບໍລິການເພື່ອຂໍອຸປະກອນອຳນວຍຄວາມດວກໃນການເບິ່ງເຫັນ (ໄມ້ເທົ້າຊ່ວຍຍ່າງ / ອຸປະກອນດ້ານອັກສອນນູນ),Referral to service provider  for vision assistive product (white cane and/or braille equipment),ຂໍຄວາມຍິນຍອມຈາກຄົນເຈັບ ແລະ ຄອບຄົວເພື່ອນຳສົ່ງຄົນເຈັບ,Get informed consent from person and family 
ເພີ່ມຄວາມອິດສະຫຼະໃນການເບິ່ງເຫັນ,Increase independence seeing ,ການນຳສົ່ງໄປຍັງຜູ້ສະໜອງບໍລິການເພື່ອຂໍອຸປະກອນອຳນວຍຄວາມດວກໃນການເບິ່ງເຫັນ (ໄມ້ເທົ້າຊ່ວຍຍ່າງ / ອຸປະກອນດ້ານອັກສອນນູນ),Referral to service provider  for vision assistive product (white cane and/or braille equipment),ຈັດກຽມການສົ່ງຕໍ່ໄປຍັງ ຜູ້ສະໜອງບໍລິການປິ່ນປົວ,Organize referral to service provider
ເພີ່ມຄວາມອິດສະຫຼະໃນການເບິ່ງເຫັນ,Increase independence seeing ,ການນຳສົ່ງໄປຍັງຜູ້ສະໜອງບໍລິການເພື່ອຂໍອຸປະກອນອຳນວຍຄວາມດວກໃນການເບິ່ງເຫັນ (ໄມ້ເທົ້າຊ່ວຍຍ່າງ / ອຸປະກອນດ້ານອັກສອນນູນ),Referral to service provider  for vision assistive product (white cane and/or braille equipment), ໃຫ້ການສະໜັບສະຫນູນທາງດ້ານການເງິນ (ການຂົນສົ່ງ / ຄ່າໃຊ້ຈ່າຍດ້ານການແພດ) ຖ້າຈຳເປັນ,Provide financial support (transport and /or other costs) if needed
ເພີ່ມຄວາມອິດສະຫຼະໃນການເບິ່ງເຫັນ,Increase independence seeing ,ການນຳສົ່ງໄປຍັງຜູ້ສະໜອງບໍລິການເພື່ອຂໍອຸປະກອນອຳນວຍຄວາມດວກໃນການເບິ່ງເຫັນ (ໄມ້ເທົ້າຊ່ວຍຍ່າງ / ອຸປະກອນດ້ານອັກສອນນູນ),Referral to service provider  for vision assistive product (white cane and/or braille equipment),) ຊື້ອຸປະກອນອຳນວຍຄວາມສະດວກໃນການເບິ່ງເຫັນ (ໄມ້ເທົ້າຊ່ວຍຍ່າງ / ອຸປະກອນອັກສອນນູນ),Purchase of assistive product (white cane or braille equipment)
ເພີ່ມຄວາມອິດສະຫຼະໃນການເບິ່ງເຫັນ,Increase independence seeing ,ການນຳສົ່ງໄປຍັງຜູ້ສະໜອງບໍລິການເພື່ອຂໍອຸປະກອນອຳນວຍຄວາມດວກໃນການເບິ່ງເຫັນ (ໄມ້ເທົ້າຊ່ວຍຍ່າງ / ອຸປະກອນດ້ານອັກສອນນູນ),Referral to service provider  for vision assistive product (white cane and/or braille equipment), ໃຫ້ການສະໜັບຄົນເຈັບໃນການຕິດຕັ້ງອຸປະກອນອຳນວຍຄວາມສະດວກໃນການເບິ່ງເຫັນເທິງມືຖື,Support person to install assistive product for vision support on smartphone
ເພີ່ມຄວາມອິດສະຫຼະໃນການເບິ່ງເຫັນ,Increase independence seeing ,ການນຳສົ່ງໄປຍັງຜູ້ສະໜອງບໍລິການເພື່ອຂໍອຸປະກອນອຳນວຍຄວາມດວກໃນການເບິ່ງເຫັນ (ໄມ້ເທົ້າຊ່ວຍຍ່າງ / ອຸປະກອນດ້ານອັກສອນນູນ),Referral to service provider  for vision assistive product (white cane and/or braille equipment),"ສົ່ງເສີມການນຳໃຊ້ອຸປະກອນອຳນວຍຄວາມສະດວກໃນການເບິ່ງເຫັນ (ໄມ້ເທົ້າຊ່ວຍຍ່າງ, ອຸປະກອນອັກສອນນູນ ແລະ ອຸປະກອນອຳນວຍຄວາມສະດວກເທິງມືຖື)","Encourage use of vision assistive product (white cane, braille equipment or smartphone assistive product)"
ເພີ່ມຄວາມອິດສະຫຼະໃນການເບິ່ງເຫັນ,Increase independence seeing ,ການນຳສົ່ງໄປຍັງຜູ້ສະໜອງບໍລິການເພື່ອຂໍອຸປະກອນອຳນວຍຄວາມດວກໃນການເບິ່ງເຫັນ (ໄມ້ເທົ້າຊ່ວຍຍ່າງ / ອຸປະກອນດ້ານອັກສອນນູນ),Referral to service provider  for vision assistive product (white cane and/or braille equipment)," ຕິດຕາມການໃຊ້ອຸປະກອນອຳນວຍຄວາມສະດວກໃນການເບິ່ງເຫັນ (ໄມ້ເທົ້າຊ່ວຍຍ່າງ, ອຸປະກອນອັກສອນນູນ ແລະ ອຸປະກອນອຳນວຍຄວາມສະດວກເທິງມືຖື)","Monitor use of vision assistive product (white cane, braille equipment or smartphone assistive product)"
ເພີ່ມຄວາມອິດສະຫຼະໃນການເບິ່ງເຫັນ,Increase independence seeing ,ການນຳສົ່ງໄປຍັງຜູ້ສະໜອງບໍລິການເພື່ອຂໍອຸປະກອນອຳນວຍຄວາມດວກໃນການເບິ່ງເຫັນ (ໄມ້ເທົ້າຊ່ວຍຍ່າງ / ອຸປະກອນດ້ານອັກສອນນູນ),Referral for training to use vision assistive product (white cane and/ or braille equipment),ກວດກາເບິ່ງຄວາມພ້ອມດ້ານບໍລິການ ແລະ ກຳນົດການນັດໝາຍ,Check availability of service and schedule of appointments
ເພີ່ມຄວາມອິດສະຫຼະໃນການເບິ່ງເຫັນ,Increase independence seeing ,ການນຳສົ່ງໄປຍັງຜູ້ສະໜອງບໍລິການເພື່ອຂໍອຸປະກອນອຳນວຍຄວາມດວກໃນການເບິ່ງເຫັນ (ໄມ້ເທົ້າຊ່ວຍຍ່າງ / ອຸປະກອນດ້ານອັກສອນນູນ),Referral for training to use vision assistive product (white cane and/ or braille equipment),ຂໍຄວາມຍິນຍອມຈາກຄົນເຈັບ ແລະ ຄອບຄົວເພື່ອນຳສົ່ງຄົນເຈັບ,Get informed consent from person and family 
ເພີ່ມຄວາມອິດສະຫຼະໃນການເບິ່ງເຫັນ,Increase independence seeing ,ການນຳສົ່ງໄປຍັງຜູ້ສະໜອງບໍລິການເພື່ອຂໍອຸປະກອນອຳນວຍຄວາມດວກໃນການເບິ່ງເຫັນ (ໄມ້ເທົ້າຊ່ວຍຍ່າງ / ອຸປະກອນດ້ານອັກສອນນູນ),Referral for training to use vision assistive product (white cane and/ or braille equipment), ຈັດກຽມການສົ່ງຕໍ່ໄປຍັງ ຜູ້ສະໜອງບໍລິການປິ່ນປົວ,Organise referral to service provider
ເພີ່ມຄວາມອິດສະຫຼະໃນການເບິ່ງເຫັນ,Increase independence seeing ,ການນຳສົ່ງໄປຍັງຜູ້ສະໜອງບໍລິການເພື່ອຂໍອຸປະກອນອຳນວຍຄວາມດວກໃນການເບິ່ງເຫັນ (ໄມ້ເທົ້າຊ່ວຍຍ່າງ / ອຸປະກອນດ້ານອັກສອນນູນ),Referral for training to use vision assistive product (white cane and/ or braille equipment), ໃຫ້ການສະໜັບສະຫນູນທາງດ້ານການເງິນ (ການຂົນສົ່ງ / ຄ່າໃຊ້ຈ່າຍດ້ານການແພດ) ຖ້າຈຳເປັນ,Provide financial support (transport and /or other costs) if needed
ເພີ່ມຄວາມອິດສະຫຼະໃນການເບິ່ງເຫັນ,Increase independence seeing ,ການນຳສົ່ງໄປຍັງຜູ້ສະໜອງບໍລິການເພື່ອຂໍອຸປະກອນອຳນວຍຄວາມດວກໃນການເບິ່ງເຫັນ (ໄມ້ເທົ້າຊ່ວຍຍ່າງ / ອຸປະກອນດ້ານອັກສອນນູນ),Referral for training to use vision assistive product (white cane and/ or braille equipment),"ສົ່ງເສີມການນຳໃຊ້ອຸປະກອນອຳນວຍຄວາມສະດວກໃນການເບິ່ງເຫັນ (ໄມ້ເທົ້າຊ່ວຍຍ່າງ, ອຸປະກອນອັກສອນນູນ ແລະ ອຸປະກອນອຳນວຍຄວາມສະດວກເທິງມືຖື)","Encourage use of vision assistive product (white cane, braille equipment or smartphone assistive product)"
ເພີ່ມຄວາມອິດສະຫຼະໃນການເບິ່ງເຫັນ,Increase independence seeing ,ການນຳສົ່ງໄປຍັງຜູ້ສະໜອງບໍລິການເພື່ອຂໍອຸປະກອນອຳນວຍຄວາມດວກໃນການເບິ່ງເຫັນ (ໄມ້ເທົ້າຊ່ວຍຍ່າງ / ອຸປະກອນດ້ານອັກສອນນູນ),Referral for training to use vision assistive product (white cane and/ or braille equipment)," ຕິດຕາມການໃຊ້ອຸປະກອນອຳນວຍຄວາມສະດວກໃນການເບິ່ງເຫັນ (ໄມ້ເທົ້າຊ່ວຍຍ່າງ, ອຸປະກອນອັກສອນນູນ ແລະ ອຸປະກອນອຳນວຍຄວາມສະດວກເທິງມືຖື)","Monitor use of vision assistive product (white cane, braille equipment or smartphone assistive product)"
ເພີ່ມຄວາມອິດສະຫຼະໃນການໄດ້ຍິນ,Increase independence hearing ,ການນຳສົ່ງໄປກວດຫູ / ການທົດລອງການໄດ້ຍິນທີ່ສະຖານບໍລິການປິ່ນປົວ,Referral for ear examination/ hearing test at health facility, ກວດກາເບິ່ງຄວາມພ້ອມດ້ານບໍລິການ ແລະ ກຳນົດການນັດໝາຍ,Check availability of service and schedule of appointments
ເພີ່ມຄວາມອິດສະຫຼະໃນການໄດ້ຍິນ,Increase independence hearing ,ການນຳສົ່ງໄປກວດຫູ / ການທົດລອງການໄດ້ຍິນທີ່ສະຖານບໍລິການປິ່ນປົວ,Referral for ear examination/ hearing test at health facility,ຂໍຄວາມຍິນຍອມຈາກຄົນເຈັບ ແລະ ຄອບຄົວເພື່ອນຳສົ່ງຄົນເຈັບ,Get informed consent from person and family 
ເພີ່ມຄວາມອິດສະຫຼະໃນການໄດ້ຍິນ,Increase independence hearing ,ການນຳສົ່ງໄປກວດຫູ / ການທົດລອງການໄດ້ຍິນທີ່ສະຖານບໍລິການປິ່ນປົວ,Referral for ear examination/ hearing test at health facility,ຈັດກຽມການສົ່ງຕໍ່ໄປຍັງສະຖານບໍລິການປິ່ນປົວ,Organize referral to health facility
ເພີ່ມຄວາມອິດສະຫຼະໃນການໄດ້ຍິນ,Increase independence hearing ,ການນຳສົ່ງໄປກວດຫູ / ການທົດລອງການໄດ້ຍິນທີ່ສະຖານບໍລິການປິ່ນປົວ,Referral for ear examination/ hearing test at health facility, ໃຫ້ການສະໜັບສະຫນູນທາງດ້ານການເງິນ (ການຂົນສົ່ງ / ຄ່າໃຊ້ຈ່າຍດ້ານການແພດ) ຖ້າຈຳເປັນ,Provide financial support (transport and /or medical costs) if needed
ເພີ່ມຄວາມອິດສະຫຼະໃນການໄດ້ຍິນ,Increase independence hearing ,ການນຳສົ່ງໄປກວດຫູ / ການທົດລອງການໄດ້ຍິນທີ່ສະຖານບໍລິການປິ່ນປົວ,Referral for ear examination/ hearing test at health facility, ກວດກາເບິ່ງການເຂົ້າປິ່ນປົວຢູ່ສະຖານບໍລິການ ແລະ ການໃຫ້ຄຳແນະນຳ ( ການປິ່ນປົວ/ເຄື່ອງຊ່ວຍຟັງ) ໂດຍທ່ານໝໍ ,Check attendance at health facility and recommendations (treatment/ hearing aid) provided by the doctor
ເພີ່ມຄວາມອິດສະຫຼະໃນການໄດ້ຍິນ,Increase independence hearing ,ການນຳສົ່ງໄປກວດຫູ / ການທົດລອງການໄດ້ຍິນທີ່ສະຖານບໍລິການປິ່ນປົວ,Referral for ear examination/ hearing test at health facility,ຢືນຢັນວ່າໄດ້ຊື້ເຄື່ອງຊ່ວຍຟັງ ແລະ ເໝາະສົມກັບຜູ້ໃຊ້,Confirm hearing aid purchased and fitted properly
ເພີ່ມຄວາມອິດສະຫຼະໃນການໄດ້ຍິນ,Increase independence hearing ,ການນຳສົ່ງໄປກວດຫູ / ການທົດລອງການໄດ້ຍິນທີ່ສະຖານບໍລິການປິ່ນປົວ,Referral for ear examination/ hearing test at health facility,ຫ້ຄຳແນະນຳກ່ຽວກັບການໃຊ້ ແລະ ສ້ອມແປງເຄື່ອງຊ່ວຍຟັງ,Provide advice on use and maintenance of hearing aid
ເພີ່ມຄວາມອິດສະຫຼະໃນການໄດ້ຍິນ,Increase independence hearing ,ການນຳສົ່ງໄປກວດຫູ / ການທົດລອງການໄດ້ຍິນທີ່ສະຖານບໍລິການປິ່ນປົວ,Referral for ear examination/ hearing test at health facility,ສົ່ງເສີມໃຫ້ໃຊ້ເຄື່ອງຊ່ວຍຟັງ,Encourage use of hearing aid
ເພີ່ມຄວາມອິດສະຫຼະໃນການໄດ້ຍິນ,Increase independence hearing ,ການນຳສົ່ງໄປກວດຫູ / ການທົດລອງການໄດ້ຍິນທີ່ສະຖານບໍລິການປິ່ນປົວ,Referral for ear examination/ hearing test at health facility,ຕິດຕາມການນຳໃຊ້ເຄື່ອງຊ່ວຍຟັງ,Monitor use of hearing aid 
ເພີ່ມຄວາມອິດສະຫຼະໃນການໄດ້ຍິນ,Increase independence hearing ,ການນຳສົ່ງໄປກວດຫູ / ການທົດລອງການໄດ້ຍິນທີ່ສະຖານບໍລິການປິ່ນປົວ,Referral for ear examination/ hearing test at health facility,ສະໜັບໃຫ້ຊື້ແບດເຕີຣີເສີມສຳລັບເຄື່ອງຊ່ວຍຟັງ,Support purchase of additional batteries for hearing aid
ເພີ່ມຄວາມອິດສະຫຼະໃນການໄດ້ຍິນ,Increase independence hearing ,ການນຳສົ່ງໄປກວດຫູ / ການທົດລອງການໄດ້ຍິນທີ່ສະຖານບໍລິການປິ່ນປົວ,Referral for ear examination/ hearing test at health facility,ສະໜັບສະໜູນໃຫ້ສ້ອມແປງເຄື່ອງຊ່ວຍຟັງຕາມຄວາມຈຳເປັນ,Support repairs of hearing aid as needed
ເພີ່ມຄວາມອິດສະຫຼະໃນການສື່ສານ ແລະ ພົບປະກັບຄົນອື່ນ,Increase independence communicating and interacting with others , ການນຳສົ່ງໄປປະເມີນການປາກເວົ້າທີ່ສະຖານບໍລິການດ້ານການແພດຟື້ນຟູໜ້າທີ່ການ,Referral for speech assessment at rehabilitation facility,ຕິດຕໍ່ສະຖານປິ່ປົວດ້ານແພດຟຶ້ນຟູໜ້າທີ່ການ ເພື່ອກວດກາເບິ່ງການບໍລິການທີ່ມີຢູ່ກ່ຽວກັບການບຳບັດດ້ານການປາກເວົ້າ ແລະ ກຳນົດການນັດໝາຍກັບຊ່ຽວຊານ ຫຼື ນັກກາຍບຳບັດ,Contact rehabilitation facility to check availability of speech therapy (ST) service and schedule of appointments (either specialist or PT trained in ST)
ເພີ່ມຄວາມອິດສະຫຼະໃນການສື່ສານ ແລະ ພົບປະກັບຄົນອື່ນ,Increase independence communicating and interacting with others , ການນຳສົ່ງໄປປະເມີນການປາກເວົ້າທີ່ສະຖານບໍລິການດ້ານການແພດຟື້ນຟູໜ້າທີ່ການ,Referral for speech assessment at rehabilitation facility, ຈັດກຽມການນຳສົ່ງໄປປະເມີນດ້ານການປາກເວົ້າທີ່ສູນການແພດຟື້ນຟູໜ້າທີ່ການ,Organize referral for speech assessment at rehabilitation facility
ເພີ່ມຄວາມອິດສະຫຼະໃນການສື່ສານ ແລະ ພົບປະກັບຄົນອື່ນ,Increase independence communicating and interacting with others , ການນຳສົ່ງໄປປະເມີນການປາກເວົ້າທີ່ສະຖານບໍລິການດ້ານການແພດຟື້ນຟູໜ້າທີ່ການ,Referral for speech assessment at rehabilitation facility, ໃຫ້ການສະໜັບສະຫນູນທາງດ້ານການເງິນ (ການຂົນສົ່ງ / ຄ່າໃຊ້ຈ່າຍສະຖານບໍລິການປິ່ນປົວ) ຖ້າຈຳເປັນ,Provide financial support (transport and /or health facility costs) if needed
ເພີ່ມຄວາມອິດສະຫຼະໃນການສື່ສານ ແລະ ພົບປະກັບຄົນອື່ນ,Increase independence communicating and interacting with others , ການນຳສົ່ງໄປປະເມີນການປາກເວົ້າທີ່ສະຖານບໍລິການດ້ານການແພດຟື້ນຟູໜ້າທີ່ການ,Referral for speech assessment at rehabilitation facility,ຢືນຢັນວ່າ ຄົນເຈັບໄດ້ເຂົ້າຮ່ວມການປະເມີນ ແລະ ການປິ່ນປົວຕາມຄຳແນະນຳພະນັກງານການແພດຟື້ນຟູໜ້າທີ່ການ,Confirm person attended for assessment and treatment prescribed by rehabilitation staff
ເພີ່ມຄວາມອິດສະຫຼະໃນການສື່ສານ ແລະ ພົບປະກັບຄົນອື່ນ,Increase independence communicating and interacting with others , ການນຳສົ່ງໄປປະເມີນການປາກເວົ້າທີ່ສະຖານບໍລິການດ້ານການແພດຟື້ນຟູໜ້າທີ່ການ,Referral for speech assessment at rehabilitation facility, ຢືນຢັນການສະໜອງອຸປະກອນອຳນວຍຄວາມສະດວກດ້ານການສື່ສານ,Confirm provision of communication assistive product
ເພີ່ມຄວາມອິດສະຫຼະໃນການສື່ສານ ແລະ ພົບປະກັບຄົນອື່ນ,Increase independence communicating and interacting with others , ການນຳສົ່ງໄປປະເມີນການປາກເວົ້າທີ່ສະຖານບໍລິການດ້ານການແພດຟື້ນຟູໜ້າທີ່ການ,Referral for speech assessment at rehabilitation facility, ໃຫ້ການສະໜັບສະໜູນແກ່ ຄອບຄົວກ່ຽວກັບການໃຊ້ອຸປະກອນອຳນວຍຄວາມສະດວກໃນການສື່ສານ,Provide support to the family to use communication assistive product with rehabilitation staff
ເພີ່ມຄວາມອິດສະຫຼະໃນການສື່ສານ ແລະ ພົບປະກັບຄົນອື່ນ,Increase independence communicating and interacting with others , ການນຳສົ່ງໄປປະເມີນການປາກເວົ້າທີ່ສະຖານບໍລິການດ້ານການແພດຟື້ນຟູໜ້າທີ່ການ,Referral for speech assessment at rehabilitation facility, ສົ່ງເສີມໃຫ້ຝຶກແອບຢູ່ບ້ານໃຫ້ສຳເລັດຕາມຄຳແນະນຳຂອງພະນັກງານດ້ານການແພດຟື້ນຟູໜ້າທີ່ການ,Encourage the completion of home based exercises prescribed by the rehabilitation staff
ເພີ່ມຄວາມອິດສະຫຼະໃນການສື່ສານ ແລະ ພົບປະກັບຄົນອື່ນ,Increase independence communicating and interacting with others , ການນຳສົ່ງໄປປະເມີນການປາກເວົ້າທີ່ສະຖານບໍລິການດ້ານການແພດຟື້ນຟູໜ້າທີ່ການ,Referral for speech assessment at rehabilitation facility,ຕິດຕາມການຝຶກແອບຢູ່ບ້ານໃຫ້ສຳເລັດ ນຳພະນັກງານດ້ານການແພດຟື້ນຟູໜ້າທີ່ການ,Monitor completion of home-based exercises with rehabilitation staff 
ເພີ່ມຄວາມອິດສະຫຼະໃນການສື່ສານ ແລະ ພົບປະກັບຄົນອື່ນ,Increase independence communicating and interacting with others , ການນຳສົ່ງໄປປະເມີນການປາກເວົ້າທີ່ສະຖານບໍລິການດ້ານການແພດຟື້ນຟູໜ້າທີ່ການ,Referral for speech assessment at rehabilitation facility, ສົ່ງເສີມໃຫ້ຄົນເຈັບໃຊ້ອຸປະກອນອຳນວຍຄວາມສະດວກດ້ານການສື່ສານ,Encourage person to use the communication assistive product
ເພີ່ມຄວາມອິດສະຫຼະໃນການສື່ສານ ແລະ ພົບປະກັບຄົນອື່ນ,Increase independence communicating and interacting with others , ການນຳສົ່ງໄປປະເມີນການປາກເວົ້າທີ່ສະຖານບໍລິການດ້ານການແພດຟື້ນຟູໜ້າທີ່ການ,Referral for speech assessment at rehabilitation facility, ຕິດຕາມການໃຊ້ອຸປະກອນອຳນວຍຄວາມສະດວກນຳພະນັກງານດ້ານການແພດຟື້ນຟູໜ້າທີ່ການ,Monitor the use the communication assistive product with rehabilitation staff
ເພີ່ມຄວາມອິດສະຫຼະໃນການສື່ສານ ແລະ ພົບປະກັບຄົນອື່ນ,Increase independence communicating and interacting with others ,ການນຳສົ່ງໄປຫາຊ່ຽວຊານສຳລັບການຝຶກອົບຮົມພາສາມື,Referral to specialist service for sign language training, ຕິດຕໍ່ຊ່ຽວຊານ ເພື່ອກວດເບິ່ງການຝຶກອົບຮົມພາສາມືທີ່ມີຢູ່ ແລະ ກຳນົດການນັດໝາຍ,Contact specialist service to check availability of sign language training and schedule of appointments
ເພີ່ມຄວາມອິດສະຫຼະໃນການສື່ສານ ແລະ ພົບປະກັບຄົນອື່ນ,Increase independence communicating and interacting with others ,ການນຳສົ່ງໄປຫາຊ່ຽວຊານສຳລັບການຝຶກອົບຮົມພາສາມື,Referral to specialist service for sign language training,ຂໍຄວາມຍິນຍອມຈາກຄົນເຈັບ ແລະ ຄອບຄົວເພື່ອນຳສົ່ງຄົນເຈັບ,Get informed consent from person and family 
ເພີ່ມຄວາມອິດສະຫຼະໃນການສື່ສານ ແລະ ພົບປະກັບຄົນອື່ນ,Increase independence communicating and interacting with others ,ການນຳສົ່ງໄປຫາຊ່ຽວຊານສຳລັບການຝຶກອົບຮົມພາສາມື,Referral to specialist service for sign language training, ຈັດກຽມການສົ່ງຕໍ່ໄປຍັງຊ່ຽວຊານສຳລັບການຝຶກອົບຮົມພາສາມື,Organize referral to specialist service for sign language training
ເພີ່ມຄວາມອິດສະຫຼະໃນການສື່ສານ ແລະ ພົບປະກັບຄົນອື່ນ,Increase independence communicating and interacting with others ,ການນຳສົ່ງໄປຫາຊ່ຽວຊານສຳລັບການຝຶກອົບຮົມພາສາມື,Referral to specialist service for sign language training, ໃຫ້ການສະໜັບສະຫນູນທາງດ້ານການເງິນ (ການຂົນສົ່ງ / ຄ່າໃຊ້ຈ່າຍອື່ນໆ) ຖ້າຈຳເປັນ,Provide financial support (transport and /or other costs) if needed
ເພີ່ມຄວາມອິດສະຫຼະໃນການສື່ສານ ແລະ ພົບປະກັບຄົນອື່ນ,Increase independence communicating and interacting with others ,ການນຳສົ່ງໄປຫາຊ່ຽວຊານສຳລັບການຝຶກອົບຮົມພາສາມື,Referral to specialist service for sign language training, ຢືນຢັນການເຂົ້າຮ່ວມຂອງຄົນເຈັບສຳລັບການຝຶກອົບຮົມ ແລະ ຄຳແນະນຳທີ່ສະໜອງໂດຍຊ່ຽວຊານ,Confirm person attended for training and advice provided by specialist
ເພີ່ມຄວາມອິດສະຫຼະໃນການສື່ສານ ແລະ ພົບປະກັບຄົນອື່ນ,Increase independence communicating and interacting with others ,ການນຳສົ່ງໄປຫາຊ່ຽວຊານສຳລັບການຝຶກອົບຮົມພາສາມື,Referral to specialist service for sign language training, ສົ່ງເສີມການໃຊ້ພາສາມືແກ່ ຄົນເຈັບ ແລະ ຄອບຄົວ,Encourage use of sign language by person and family
ເພີ່ມຄວາມອິດສະຫຼະໃນການສື່ສານ ແລະ ພົບປະກັບຄົນອື່ນ,Increase independence communicating and interacting with others ,ການນຳສົ່ງໄປຫາຊ່ຽວຊານສຳລັບການຝຶກອົບຮົມພາສາມື,Referral to specialist service for sign language training, ຕິດຕາມການໃຊ້ພາສາມືນຳຊ່ຽວຊານ,Monitor use of sign language with specialist
ເພີ່ມຄວາມອິດສະຫຼະໃນການສື່ສານ ແລະ ພົບປະກັບຄົນອື່ນ,Increase independence communicating and interacting with others , ການເຂົ້າຮ່ວມກິດຈະກຳພົບປະສ້າງສັນໃນໝູ່ບ້ານ,Participating in village social activities, ໃຫ້ຄຳປຶກສາຫາລືເພື່ອໃຫ້ມີການເຂົ້າຮ່ວມກິດຈະກຳທາງສັງຄົມກັບຄອບຄົວ ແລະ ໝູ່ເພື່ອນໃນຊຸມຊົນຫລາຍຂຶ້ນ,Provide counselling to encourage increased participation in social activities with family and friends in the community
ເພີ່ມຄວາມອິດສະຫຼະໃນການເຄື່ອນໄຫວ ຢູ່ພາຍໃນ ແລະ ນອກເຮືອນ ຫຼື ໃນໝູ່ບ້ານ,Increase independent mobility inside and outside the home and/or in the village , ການນຳສົ່ງໄປປະເມີນດ້ານການເຄື່ອນໄຫວ ແລະ ອຸປະກອນອຳນວຍຄວາມສະດວກທີ່ສະຖານບໍລິການດ້ານການແພດຟື້ນຟູໜ້າທີ່ການ ,Referral for mobility and assistive product assessment at rehabilitation facility (PT and/or P&O services),ກວດກາເບິ່ງຄວາມພ້ອມດ້ານບໍລິການ ແລະ ກຳນົດການນັດໝາຍ,Check availability of service and schedule of appointments
ເພີ່ມຄວາມອິດສະຫຼະໃນການເຄື່ອນໄຫວ ຢູ່ພາຍໃນ ແລະ ນອກເຮືອນ ຫຼື ໃນໝູ່ບ້ານ,Increase independent mobility inside and outside the home and/or in the village , ການນຳສົ່ງໄປປະເມີນດ້ານການເຄື່ອນໄຫວ ແລະ ອຸປະກອນອຳນວຍຄວາມສະດວກທີ່ສະຖານບໍລິການດ້ານການແພດຟື້ນຟູໜ້າທີ່ການ ,Referral for mobility and assistive product assessment at rehabilitation facility (PT and/or P&O services),ຂໍຄວາມຍິນຍອມຈາກຄົນເຈັບ ແລະ ຄອບຄົວເພື່ອນຳສົ່ງຄົນເຈັບ,Get informed consent from person and family 
ເພີ່ມຄວາມອິດສະຫຼະໃນການເຄື່ອນໄຫວ ຢູ່ພາຍໃນ ແລະ ນອກເຮືອນ ຫຼື ໃນໝູ່ບ້ານ,Increase independent mobility inside and outside the home and/or in the village , ການນຳສົ່ງໄປປະເມີນດ້ານການເຄື່ອນໄຫວ ແລະ ອຸປະກອນອຳນວຍຄວາມສະດວກທີ່ສະຖານບໍລິການດ້ານການແພດຟື້ນຟູໜ້າທີ່ການ ,Referral for mobility and assistive product assessment at rehabilitation facility (PT and/or P&O services),ຈັດກຽມການສົ່ງຕໍ່ໄປຍັງສະຖານບໍລິການປິ່ນປົວ,Organize referral to rehabilitation facility
ເພີ່ມຄວາມອິດສະຫຼະໃນການເຄື່ອນໄຫວ ຢູ່ພາຍໃນ ແລະ ນອກເຮືອນ ຫຼື ໃນໝູ່ບ້ານ,Increase independent mobility inside and outside the home and/or in the village , ການນຳສົ່ງໄປປະເມີນດ້ານການເຄື່ອນໄຫວ ແລະ ອຸປະກອນອຳນວຍຄວາມສະດວກທີ່ສະຖານບໍລິການດ້ານການແພດຟື້ນຟູໜ້າທີ່ການ ,Referral for mobility and assistive product assessment at rehabilitation facility (PT and/or P&O services), ໃຫ້ການສະໜັບສະຫນູນທາງດ້ານການເງິນ (ການຂົນສົ່ງ / ຄ່າໃຊ້ຈ່າຍສະຖານບໍລິການປິ່ນປົວ) ຖ້າຈຳເປັນ,Provide financial support (transport and health facility fees) if needed
ເພີ່ມຄວາມອິດສະຫຼະໃນການເຄື່ອນໄຫວ ຢູ່ພາຍໃນ ແລະ ນອກເຮືອນ ຫຼື ໃນໝູ່ບ້ານ,Increase independent mobility inside and outside the home and/or in the village , ການນຳສົ່ງໄປປະເມີນດ້ານການເຄື່ອນໄຫວ ແລະ ອຸປະກອນອຳນວຍຄວາມສະດວກທີ່ສະຖານບໍລິການດ້ານການແພດຟື້ນຟູໜ້າທີ່ການ ,Referral for mobility and assistive product assessment at rehabilitation facility (PT and/or P&O services)," ຢືນຢັນວ່າ ຄົນເຈັບໄດ້ເຂົ້າຮ່ວມການປະເມີນ ແລະ ການປິ່ນປົວຕາມຄຳແນະນຳຂອງທ່ານໝໍ (ການປິ່ນປົວ, ການຜ່າຕັດ ແລະ ອື່ນໆ)","Confirm person attended for assessment and treatment (medication, surgery, etc) prescribed by doctor"
ເພີ່ມຄວາມອິດສະຫຼະໃນການເຄື່ອນໄຫວ ຢູ່ພາຍໃນ ແລະ ນອກເຮືອນ ຫຼື ໃນໝູ່ບ້ານ,Increase independent mobility inside and outside the home and/or in the village , ການນຳສົ່ງໄປປະເມີນດ້ານການເຄື່ອນໄຫວ ແລະ ອຸປະກອນອຳນວຍຄວາມສະດວກທີ່ສະຖານບໍລິການດ້ານການແພດຟື້ນຟູໜ້າທີ່ການ ,Referral for mobility and assistive product assessment at rehabilitation facility (PT and/or P&O services), ຢືນຢັນວ່າ ຄົນເຈັບໄດ້ເຂົ້າຮ່ວມການປະເມີນ ແລະ ການປິ່ນປົວທີ່ສະໜອງໂດຍພະຍາບານ,Confirm person attended for assessment and treatment provided by nurse
ເພີ່ມຄວາມອິດສະຫຼະໃນການເຄື່ອນໄຫວ ຢູ່ພາຍໃນ ແລະ ນອກເຮືອນ ຫຼື ໃນໝູ່ບ້ານ,Increase independent mobility inside and outside the home and/or in the village , ການນຳສົ່ງໄປປະເມີນດ້ານການເຄື່ອນໄຫວ ແລະ ອຸປະກອນອຳນວຍຄວາມສະດວກທີ່ສະຖານບໍລິການດ້ານການແພດຟື້ນຟູໜ້າທີ່ການ ,Referral for mobility and assistive product assessment at rehabilitation facility (PT and/or P&O services), ຢືນຢັນວ່າ ຄົນເຈັບໄດ້ເຂົ້າຮ່ວມການປະເມີນ ແລະ ການປິ່ນປົວທີ່ສະໜອງໂດຍນັກກາຍະບຳບັດ,Confirm person attended for assessment and treatment provided by PT
ເພີ່ມຄວາມອິດສະຫຼະໃນການເຄື່ອນໄຫວ ຢູ່ພາຍໃນ ແລະ ນອກເຮືອນ ຫຼື ໃນໝູ່ບ້ານ,Increase independent mobility inside and outside the home and/or in the village , ການນຳສົ່ງໄປປະເມີນດ້ານການເຄື່ອນໄຫວ ແລະ ອຸປະກອນອຳນວຍຄວາມສະດວກທີ່ສະຖານບໍລິການດ້ານການແພດຟື້ນຟູໜ້າທີ່ການ ,Referral for mobility and assistive product assessment at rehabilitation facility (PT and/or P&O services),ຢືນຢັນວ່າ ຄົນເຈັບໄດ້ເຂົ້າຮ່ວມການປະເມີນ ແລະ ການປິ່ນປົວ (ການພັນແປ້ງຕໍ່ເນື່ອງ)  ທີ່ສະໜອງໂດຍຊ່າງອົງຄະທຽມ ແລະ ເຄື່ອງຄ້ຳຊູ,Confirm person attended for assessment and treatment (serial casting) provided by P&O
ເພີ່ມຄວາມອິດສະຫຼະໃນການເຄື່ອນໄຫວ ຢູ່ພາຍໃນ ແລະ ນອກເຮືອນ ຫຼື ໃນໝູ່ບ້ານ,Increase independent mobility inside and outside the home and/or in the village , ການນຳສົ່ງໄປປະເມີນດ້ານການເຄື່ອນໄຫວ ແລະ ອຸປະກອນອຳນວຍຄວາມສະດວກທີ່ສະຖານບໍລິການດ້ານການແພດຟື້ນຟູໜ້າທີ່ການ ,Referral for mobility and assistive product assessment at rehabilitation facility (PT and/or P&O services), ຢືນຢັນການສະໜອງອຸປະກອນອຳນວຍຄວາມສະດວກ ເຊັ່ນ: ລໍ້ເລື່ອນ ໂດຍພະນັກງານດ້ານການແພດຟື້ນຟູ,Confirm provision of wheeled assistive product by rehabilitation staff
ເພີ່ມຄວາມອິດສະຫຼະໃນການເຄື່ອນໄຫວ ຢູ່ພາຍໃນ ແລະ ນອກເຮືອນ ຫຼື ໃນໝູ່ບ້ານ,Increase independent mobility inside and outside the home and/or in the village , ການນຳສົ່ງໄປປະເມີນດ້ານການເຄື່ອນໄຫວ ແລະ ອຸປະກອນອຳນວຍຄວາມສະດວກທີ່ສະຖານບໍລິການດ້ານການແພດຟື້ນຟູໜ້າທີ່ການ ,Referral for mobility and assistive product assessment at rehabilitation facility (PT and/or P&O services), ຢືນຢັນການສະໜອງອຸປະກອນອຳນວຍຄວາມສະດວກຊ່ວຍຍ່າງ ໂດຍພະນັກງານດ້ານການແພດຟື້ນຟູໜ້າທີ່ການ,Confirm provision of walking assistive product by rehabilitation staff
ເພີ່ມຄວາມອິດສະຫຼະໃນການເຄື່ອນໄຫວ ຢູ່ພາຍໃນ ແລະ ນອກເຮືອນ ຫຼື ໃນໝູ່ບ້ານ,Increase independent mobility inside and outside the home and/or in the village , ການນຳສົ່ງໄປປະເມີນດ້ານການເຄື່ອນໄຫວ ແລະ ອຸປະກອນອຳນວຍຄວາມສະດວກທີ່ສະຖານບໍລິການດ້ານການແພດຟື້ນຟູໜ້າທີ່ການ ,Referral for mobility and assistive product assessment at rehabilitation facility (PT and/or P&O services), ຢືນຢັນການສະໜອງອຸປະກອນອຳນວຍຄວາມສະດວກຊ່ວຍຈັດທ່າ ໂດຍພະນັກງານດ້ານການແພດຟື້ນຟູໜ້າທີ່ການ,Confirm provision of positioning assistive product by rehabilitation staff
ເພີ່ມຄວາມອິດສະຫຼະໃນການເຄື່ອນໄຫວ ຢູ່ພາຍໃນ ແລະ ນອກເຮືອນ ຫຼື ໃນໝູ່ບ້ານ,Increase independent mobility inside and outside the home and/or in the village , ການນຳສົ່ງໄປປະເມີນດ້ານການເຄື່ອນໄຫວ ແລະ ອຸປະກອນອຳນວຍຄວາມສະດວກທີ່ສະຖານບໍລິການດ້ານການແພດຟື້ນຟູໜ້າທີ່ການ ,Referral for mobility and assistive product assessment at rehabilitation facility (PT and/or P&O services), ຢືນຢັນການສະໜອງອຸປະກອນອຳນວຍຄວາມສະດວກ ເຊັ່ນ: ອົງຄະທຽມ & ເຄື່ອງຄ້ຳຊູ ໂດຍພະນັກງານດ້ານການແພດຟື້ນຟູໜ້າທີ່ການ,Confirm provision of P&O assistive product by rehabilitation staff
ເພີ່ມຄວາມອິດສະຫຼະໃນການເຄື່ອນໄຫວ ຢູ່ພາຍໃນ ແລະ ນອກເຮືອນ ຫຼື ໃນໝູ່ບ້ານ,Increase independent mobility inside and outside the home and/or in the village , ການນຳສົ່ງໄປປະເມີນດ້ານການເຄື່ອນໄຫວ ແລະ ອຸປະກອນອຳນວຍຄວາມສະດວກທີ່ສະຖານບໍລິການດ້ານການແພດຟື້ນຟູໜ້າທີ່ການ ,Referral for mobility and assistive product assessment at rehabilitation facility (PT and/or P&O services), ສະໜັບສະໜູນເພື່ອໃຫ້ຄົນເຈັບໄດ້ລໍ້ເລື່ອນຈາກຜູ້ຜະລິດລາຍອື່ນ (ຮ້ານຂາຍຢາ/ຜະລິດຕະພັນທ້ອງຖິ່ນ) ຖ້າຈຳເປັນ,Support person to get a wheeled assistive product from another supplier (pharmacy/ locally made) if needed
ເພີ່ມຄວາມອິດສະຫຼະໃນການເຄື່ອນໄຫວ ຢູ່ພາຍໃນ ແລະ ນອກເຮືອນ ຫຼື ໃນໝູ່ບ້ານ,Increase independent mobility inside and outside the home and/or in the village , ການນຳສົ່ງໄປປະເມີນດ້ານການເຄື່ອນໄຫວ ແລະ ອຸປະກອນອຳນວຍຄວາມສະດວກທີ່ສະຖານບໍລິການດ້ານການແພດຟື້ນຟູໜ້າທີ່ການ ,Referral for mobility and assistive product assessment at rehabilitation facility (PT and/or P&O services), ສະໜັບສະໜູນເພື່ອໃຫ້ຄົນເຈັບໄດ້ອຸປະກອນອຳນວຍຄວາມສະດວກຊ່ວຍຍ່າງຈາກຜູ້ຜະລິດລາຍອື່ນ (ຮ້ານຂາຍຢາ/ຜະລິດຕະພັນທ້ອງຖິ່ນ) ຖ້າຈຳເປັນ,Support person to get a walking assistive product from another supplier (pharmacy/ locally made) if needed
ເພີ່ມຄວາມອິດສະຫຼະໃນການເຄື່ອນໄຫວ ຢູ່ພາຍໃນ ແລະ ນອກເຮືອນ ຫຼື ໃນໝູ່ບ້ານ,Increase independent mobility inside and outside the home and/or in the village , ການນຳສົ່ງໄປປະເມີນດ້ານການເຄື່ອນໄຫວ ແລະ ອຸປະກອນອຳນວຍຄວາມສະດວກທີ່ສະຖານບໍລິການດ້ານການແພດຟື້ນຟູໜ້າທີ່ການ ,Referral for mobility and assistive product assessment at rehabilitation facility (PT and/or P&O services), ສະໜັບສະໜູນເພື່ອໃຫ້ຄົນເຈັບໄດ້ອຸປະກອນອຳນວຍຄວາມສະດວກຊ່ວຍຈັດທ່າຈາກຜູ້ຜະລິດລາຍອື່ນ (ຮ້ານຂາຍຢາ/ຜະລິດຕະພັນທ້ອງຖິ່ນ) ຖ້າຈຳເປັນ,Support person to get a positioning assistive product from another supplier (pharmacy/ locally made) if needed
ເພີ່ມຄວາມອິດສະຫຼະໃນການເຄື່ອນໄຫວ ຢູ່ພາຍໃນ ແລະ ນອກເຮືອນ ຫຼື ໃນໝູ່ບ້ານ,Increase independent mobility inside and outside the home and/or in the village , ການນຳສົ່ງໄປປະເມີນດ້ານການເຄື່ອນໄຫວ ແລະ ອຸປະກອນອຳນວຍຄວາມສະດວກທີ່ສະຖານບໍລິການດ້ານການແພດຟື້ນຟູໜ້າທີ່ການ ,Referral for mobility and assistive product assessment at rehabilitation facility (PT and/or P&O services), ສະໜັບສະໜູນເພື່ອໃຫ້ຄົນເຈັບໄດ້ອົງຄະທຽມ ແລະ ເຄື່ອງຄ້ຳຊູຈາກຜູ້ຜະລິດລາຍອື່ນ (ຮ້ານຂາຍຢາ/ຜະລິດຕະພັນທ້ອງຖິ່ນ) ຖ້າຈຳເປັນ,Support person to get a P&O assistive product from another supplier (pharmacy/ locally made) if needed
ເພີ່ມຄວາມອິດສະຫຼະໃນການເຄື່ອນໄຫວ ຢູ່ພາຍໃນ ແລະ ນອກເຮືອນ ຫຼື ໃນໝູ່ບ້ານ,Increase independent mobility inside and outside the home and/or in the village , ການນຳສົ່ງໄປປະເມີນດ້ານການເຄື່ອນໄຫວ ແລະ ອຸປະກອນອຳນວຍຄວາມສະດວກທີ່ສະຖານບໍລິການດ້ານການແພດຟື້ນຟູໜ້າທີ່ການ ,Referral for mobility and assistive product assessment at rehabilitation facility (PT and/or P&O services),ສະໜັບສະໜູນດ້ານການຂົນສົ່ງອຸປະກອນອຳນວຍຄວາມສະດວກໄປຍັງເຮືອນຄົນເຈັບ ຖ້າຈຳເປັນ,Support transportation of assistive product to person's home if needed
ເພີ່ມຄວາມອິດສະຫຼະໃນການເຄື່ອນໄຫວ ຢູ່ພາຍໃນ ແລະ ນອກເຮືອນ ຫຼື ໃນໝູ່ບ້ານ,Increase independent mobility inside and outside the home and/or in the village , ການນຳສົ່ງໄປປະເມີນດ້ານການເຄື່ອນໄຫວ ແລະ ອຸປະກອນອຳນວຍຄວາມສະດວກທີ່ສະຖານບໍລິການດ້ານການແພດຟື້ນຟູໜ້າທີ່ການ ,Referral for mobility and assistive product assessment at rehabilitation facility (PT and/or P&O services),ຫ້ຄຳແນະນຳກ່ຽວກັບການໃຊ້ ແລະ ສ້ອມແປງເຄື່ອງອຳນວຍຄວາມສະດວກ,Provide advice on use and maintenance of assistive product
ເພີ່ມຄວາມອິດສະຫຼະໃນການເຄື່ອນໄຫວ ຢູ່ພາຍໃນ ແລະ ນອກເຮືອນ ຫຼື ໃນໝູ່ບ້ານ,Increase independent mobility inside and outside the home and/or in the village , ການນຳສົ່ງໄປປະເມີນດ້ານການເຄື່ອນໄຫວ ແລະ ອຸປະກອນອຳນວຍຄວາມສະດວກທີ່ສະຖານບໍລິການດ້ານການແພດຟື້ນຟູໜ້າທີ່ການ ,Referral for mobility and assistive product assessment at rehabilitation facility (PT and/or P&O services),ສົ່ງເສີມການໃຊ້ ເຄື່ອງອຳນວຍຄວາມສະດວກດ້ານການເຄື່ອນໄຫວ / ການຈັດທ່າ,Encourage use of mobility/ positioning assistive product
ເພີ່ມຄວາມອິດສະຫຼະໃນການເຄື່ອນໄຫວ ຢູ່ພາຍໃນ ແລະ ນອກເຮືອນ ຫຼື ໃນໝູ່ບ້ານ,Increase independent mobility inside and outside the home and/or in the village , ການນຳສົ່ງໄປປະເມີນດ້ານການເຄື່ອນໄຫວ ແລະ ອຸປະກອນອຳນວຍຄວາມສະດວກທີ່ສະຖານບໍລິການດ້ານການແພດຟື້ນຟູໜ້າທີ່ການ ,Referral for mobility and assistive product assessment at rehabilitation facility (PT and/or P&O services), ຕິດຕາມການໃຊ້ ເຄື່ອງອຳນວຍຄວາມສະດວກ ນຳພະນັກງານດ້ານການແພດຟື້ນຟູໜ້າທີ່ການ,Monitor use of assistive product with rehabilitation staff
ເພີ່ມຄວາມອິດສະຫຼະໃນການເຄື່ອນໄຫວ ຢູ່ພາຍໃນ ແລະ ນອກເຮືອນ ຫຼື ໃນໝູ່ບ້ານ,Increase independent mobility inside and outside the home and/or in the village , ການນຳສົ່ງໄປປະເມີນດ້ານການເຄື່ອນໄຫວ ແລະ ອຸປະກອນອຳນວຍຄວາມສະດວກທີ່ສະຖານບໍລິການດ້ານການແພດຟື້ນຟູໜ້າທີ່ການ ,Referral for mobility and assistive product assessment at rehabilitation facility (PT and/or P&O services), ສະໜັບສະໜູນການສ້ອມແປງ ເຄື່ອງອຳນວຍຄວາມສະດວກ ຖ້າຈຳເປັນ,Support repairs of assistive product if needed
ເພີ່ມຄວາມອິດສະຫຼະໃນການເຄື່ອນໄຫວ ຢູ່ພາຍໃນ ແລະ ນອກເຮືອນ ຫຼື ໃນໝູ່ບ້ານ,Increase independent mobility inside and outside the home and/or in the village , ການນຳສົ່ງໄປປະເມີນດ້ານການເຄື່ອນໄຫວ ແລະ ອຸປະກອນອຳນວຍຄວາມສະດວກທີ່ສະຖານບໍລິການດ້ານການແພດຟື້ນຟູໜ້າທີ່ການ ,Referral for mobility and assistive product assessment at rehabilitation facility (PT and/or P&O services), ສະໜອງແວ່ນສາຍຕາກ່ຽວກັບການຝຶກແອບຢູ່ບ້ານຕາມຄຳແນະນຳຂອງພະນັກງານດ້ານການແພດຟື້ນຟູໜ້າທີ່ການ,Provide visual aids on home-based exercises prescribed by rehabilitation staff
ເພີ່ມຄວາມອິດສະຫຼະໃນການເຄື່ອນໄຫວ ຢູ່ພາຍໃນ ແລະ ນອກເຮືອນ ຫຼື ໃນໝູ່ບ້ານ,Increase independent mobility inside and outside the home and/or in the village , ການນຳສົ່ງໄປປະເມີນດ້ານການເຄື່ອນໄຫວ ແລະ ອຸປະກອນອຳນວຍຄວາມສະດວກທີ່ສະຖານບໍລິການດ້ານການແພດຟື້ນຟູໜ້າທີ່ການ ,Referral for mobility and assistive product assessment at rehabilitation facility (PT and/or P&O services), ສົ່ງເສີມໃຫ້ຝຶກແອບຢູ່ບ້ານໃຫ້ສຳເລັດຕາມຄຳແນະນຳຂອງພະນັກງານດ້ານການແພດຟື້ນຟູໜ້າທີ່ການ,Encourage completion of home-based exercises prescribed by rehabilitation staff
ເພີ່ມຄວາມອິດສະຫຼະໃນການເຄື່ອນໄຫວ ຢູ່ພາຍໃນ ແລະ ນອກເຮືອນ ຫຼື ໃນໝູ່ບ້ານ,Increase independent mobility inside and outside the home and/or in the village , ການນຳສົ່ງໄປປະເມີນດ້ານການເຄື່ອນໄຫວ ແລະ ອຸປະກອນອຳນວຍຄວາມສະດວກທີ່ສະຖານບໍລິການດ້ານການແພດຟື້ນຟູໜ້າທີ່ການ ,Referral for mobility and assistive product assessment at rehabilitation facility (PT and/or P&O services),ຕິດຕາມການຝຶກແອບຢູ່ບ້ານໃຫ້ສຳເລັດ ນຳພະນັກງານດ້ານການແພດຟື້ນຟູໜ້າທີ່ການ,Monitor completion of home-based exercises with rehabilitation staff 
ເພີ່ມຄວາມອິດສະຫຼະໃນການເຄື່ອນໄຫວ ຢູ່ພາຍໃນ ແລະ ນອກເຮືອນ ຫຼື ໃນໝູ່ບ້ານ,Increase independent mobility inside and outside the home ,ການປັບປຸງການເຂົ້າເຖິງສະພາບແວດລ້ອມພາຍໃນເຮືອນ,Adjusting accessibility of home environment, ຮັບເອົາຄຳແນະນຳຈາກພະນັກງານດ້ານການແພດຟື້ນຟູໜ້າທີ່ການກ່ຽວກັບການປັບປຸງການເຂົ້າເຖິງ,Obtain advice from rehabilitation staff on accessibility adjustments
ເພີ່ມຄວາມອິດສະຫຼະໃນການເຄື່ອນໄຫວ ຢູ່ພາຍໃນ ແລະ ນອກເຮືອນ ຫຼື ໃນໝູ່ບ້ານ,Increase independent mobility inside and outside the home ,ການປັບປຸງການເຂົ້າເຖິງສະພາບແວດລ້ອມພາຍໃນເຮືອນ,Adjusting accessibility of home environment," ສະແດງຮູບຖ່າຍ ໃຫ້ຄອບຄົວເບິ່ງ ກ່ຽວກັບການປັບປຸງການເຂົ້າເຖິງສຳລັບການເຄື່ອນໄຫວໄປມາບໍລິເວຍບ້ານ(ທາງເນີນ, ການຂະຫຍາຍປະຕູ ແລະ ອື່ນໆ ກັບພະນັກງານດ້ານການແພດຟື້ນຟູໜ້າທີ່ການ ຖ້າຈຳເປັນ) ","Show the family pictures on accessibility adjustments for moving in/ out and around the house (ramp, door width, etc.) (with rehabilitation staff when needed)"
ເພີ່ມຄວາມອິດສະຫຼະໃນການເຄື່ອນໄຫວ ຢູ່ພາຍໃນ ແລະ ນອກເຮືອນ ຫຼື ໃນໝູ່ບ້ານ,Increase independent mobility inside and outside the home ,ການປັບປຸງການເຂົ້າເຖິງສະພາບແວດລ້ອມພາຍໃນເຮືອນ,Adjusting accessibility of home environment,ປຶກສາຫາລືກັບຄອບຄົວວ່າ ແມ່ນຫຍັງທີ່ຄອບຄົວ ຫລື ຊ່າງທ້ອງຖິ່ນສາມາດເຮັດໄດ້,Discuss with the family what is feasible to be made by family or local handyman
ເພີ່ມຄວາມອິດສະຫຼະໃນການເຄື່ອນໄຫວ ຢູ່ພາຍໃນ ແລະ ນອກເຮືອນ ຫຼື ໃນໝູ່ບ້ານ,Increase independent mobility inside and outside the home ,ການປັບປຸງການເຂົ້າເຖິງສະພາບແວດລ້ອມພາຍໃນເຮືອນ,Adjusting accessibility of home environment,ສົນທະນາກ່ຽວກັບ ຄວາມສ່ຽງດ້ານສິ່ງແວດລ້ອມ ແລະ ກິດຈະກໍາ ຮ່ວມກັບຄອບຄົວ,Discuss environmental risks and action with family as needed
ເພີ່ມຄວາມອິດສະຫຼະໃນການເຄື່ອນໄຫວ ຢູ່ພາຍໃນ ແລະ ນອກເຮືອນ ຫຼື ໃນໝູ່ບ້ານ,Increase independent mobility inside and outside the home ,ການປັບປຸງການເຂົ້າເຖິງສະພາບແວດລ້ອມພາຍໃນເຮືອນ,Adjusting accessibility of home environment,ໃຫ້ຄຳແນະນຳກ່ຽວກັບວິທີການປັບປຸງ ແລະ ວັດຖຸທີ່ຈຳເປັນ,Provide advice on how to do adjustments and materials needed
ເພີ່ມຄວາມອິດສະຫຼະໃນການເຄື່ອນໄຫວ ຢູ່ພາຍໃນ ແລະ ນອກເຮືອນ ຫຼື ໃນໝູ່ບ້ານ,Increase independent mobility inside and outside the home ,ການປັບປຸງການເຂົ້າເຖິງສະພາບແວດລ້ອມພາຍໃນເຮືອນ,Adjusting accessibility of home environment,ຢືນຢັນການປັບປຸງເຮືອນສຳເລັດໂດຍຄອບຄົວ ຫລື ຊ່າງທ້ອງຖິ່ນ,Confirm completion of house adjustments  by family or local handyman
ເພີ່ມຄວາມອິດສະຫຼະໃນການເຄື່ອນໄຫວ ຢູ່ພາຍໃນ ແລະ ນອກເຮືອນ ຫຼື ໃນໝູ່ບ້ານ,Increase independent mobility inside and outside the home ,ການປັບປຸງການເຂົ້າເຖິງສະພາບແວດລ້ອມພາຍໃນເຮືອນ,Adjusting accessibility of home environment,ສົ່ງເສີມການໃຊ້ການປັບປຸງການເຂົ້າເຖິງ,Encourage use of accessibility modification
ເພີ່ມຄວາມອິດສະຫຼະໃນການເຄື່ອນໄຫວ ຢູ່ພາຍໃນ ແລະ ນອກເຮືອນ ຫຼື ໃນໝູ່ບ້ານ,Increase independent mobility inside and outside the home ,ການປັບປຸງການເຂົ້າເຖິງສະພາບແວດລ້ອມພາຍໃນເຮືອນ,Adjusting accessibility of home environment,ຕິດຕາມການໃຊ້ການປັບປຸງການເຂົ້າເຖິງ ນຳພະນັກງານດ້ານການແພດຟື້ນຟູໜ້າທີ່ການ,Monitor use of accessibility modification with rehabilitation staff
 ເພີ່ມຄວາມອິດສະຫຼະໃນການໃຊ້ມື ແລະ ແຂນ,Increase independence using arms and hands , ການນຳສົ່ງໄປປະເມີນທີ່ສະຖານບໍລິການດ້ານການແພດຟື້ນຟູໜ້າທີ່ການ (ການບໍລິການດ້ານກາຍະບຳບັດ/ອົງຄະທຽມ&ເຄື່ອງຄ້ຳຊູ) ,Referral for assessment at rehabilitation facility (PT and/or P&O services), ກວດກາເບິ່ງຄວາມພ້ອມດ້ານບໍລິການ ແລະ ກຳນົດການນັດໝາຍ,Check availability of service and schedule of appointments
 ເພີ່ມຄວາມອິດສະຫຼະໃນການໃຊ້ມື ແລະ ແຂນ,Increase independence using arms and hands , ການນຳສົ່ງໄປປະເມີນທີ່ສະຖານບໍລິການດ້ານການແພດຟື້ນຟູໜ້າທີ່ການ (ການບໍລິການດ້ານກາຍະບຳບັດ/ອົງຄະທຽມ&ເຄື່ອງຄ້ຳຊູ) ,Referral for assessment at rehabilitation facility (PT and/or P&O services),ຂໍຄວາມຍິນຍອມຈາກຄົນເຈັບ ແລະ ຄອບຄົວເພື່ອນຳສົ່ງຄົນເຈັບ,Get informed consent from person and family 
 ເພີ່ມຄວາມອິດສະຫຼະໃນການໃຊ້ມື ແລະ ແຂນ,Increase independence using arms and hands , ການນຳສົ່ງໄປປະເມີນທີ່ສະຖານບໍລິການດ້ານການແພດຟື້ນຟູໜ້າທີ່ການ (ການບໍລິການດ້ານກາຍະບຳບັດ/ອົງຄະທຽມ&ເຄື່ອງຄ້ຳຊູ) ,Referral for assessment at rehabilitation facility (PT and/or P&O services),ຈັດກຽມການສົ່ງຕໍ່ໄປຍັງສະຖານບໍລິການປິ່ນປົວ,Organize referral to rehabilitation facility
 ເພີ່ມຄວາມອິດສະຫຼະໃນການໃຊ້ມື ແລະ ແຂນ,Increase independence using arms and hands , ການນຳສົ່ງໄປປະເມີນທີ່ສະຖານບໍລິການດ້ານການແພດຟື້ນຟູໜ້າທີ່ການ (ການບໍລິການດ້ານກາຍະບຳບັດ/ອົງຄະທຽມ&ເຄື່ອງຄ້ຳຊູ) ,Referral for assessment at rehabilitation facility (PT and/or P&O services), ໃຫ້ການສະໜັບສະຫນູນທາງດ້ານການເງິນ (ການຂົນສົ່ງ / ຄ່າໃຊ້ຈ່າຍດ້ານການແພດຟື້ນຟູໜ້າທີ່ການ/ ເຄື່ອງອຳນວຍຄວາມສະດວກ) ຖ້າຈຳເປັນ,Provide financial support (transport and /or rehabilitation/assistive products costs) 
 ເພີ່ມຄວາມອິດສະຫຼະໃນການໃຊ້ມື ແລະ ແຂນ,Increase independence using arms and hands , ການນຳສົ່ງໄປປະເມີນທີ່ສະຖານບໍລິການດ້ານການແພດຟື້ນຟູໜ້າທີ່ການ (ການບໍລິການດ້ານກາຍະບຳບັດ/ອົງຄະທຽມ&ເຄື່ອງຄ້ຳຊູ) ,Referral for assessment at rehabilitation facility (PT and/or P&O services), ຢືນຢັນການເຂົ້າຮ່ວມການປະເມີນ ແລະ ການປິ່ນປົວ (ການຜ່າຕັດ) ຕາມຄຳແນະນຳ ຂອງທ່ານໝໍ ,Confirm person attended for assessment and treatment (surgery) prescribed by doctor
 ເພີ່ມຄວາມອິດສະຫຼະໃນການໃຊ້ມື ແລະ ແຂນ,Increase independence using arms and hands , ການນຳສົ່ງໄປປະເມີນທີ່ສະຖານບໍລິການດ້ານການແພດຟື້ນຟູໜ້າທີ່ການ (ການບໍລິການດ້ານກາຍະບຳບັດ/ອົງຄະທຽມ&ເຄື່ອງຄ້ຳຊູ) ,Referral for assessment at rehabilitation facility (PT and/or P&O services),ຢືນຢັນວ່າ ຄົນເຈັບໄດ້ເຂົ້າຮ່ວມການປະເມີນ ແລະ ການປິ່ນປົວທີ່ສະໜອງໂດຍພະຍາບານ,Confirm person attended for assessment and treatment provided by nurse
 ເພີ່ມຄວາມອິດສະຫຼະໃນການໃຊ້ມື ແລະ ແຂນ,Increase independence using arms and hands , ການນຳສົ່ງໄປປະເມີນທີ່ສະຖານບໍລິການດ້ານການແພດຟື້ນຟູໜ້າທີ່ການ (ການບໍລິການດ້ານກາຍະບຳບັດ/ອົງຄະທຽມ&ເຄື່ອງຄ້ຳຊູ) ,Referral for assessment at rehabilitation facility (PT and/or P&O services),ຢືນຢັນວ່າ ຄົນເຈັບໄດ້ເຂົ້າຮ່ວມການປະເມີນ ແລະ ການປິ່ນປົວທີ່ສະໜອງໂດຍນັກກາຍະບຳບັດ,Confirm person attended for assessment and treatment provided by PT
 ເພີ່ມຄວາມອິດສະຫຼະໃນການໃຊ້ມື ແລະ ແຂນ,Increase independence using arms and hands , ການນຳສົ່ງໄປປະເມີນທີ່ສະຖານບໍລິການດ້ານການແພດຟື້ນຟູໜ້າທີ່ການ (ການບໍລິການດ້ານກາຍະບຳບັດ/ອົງຄະທຽມ&ເຄື່ອງຄ້ຳຊູ) ,Referral for assessment at rehabilitation facility (PT and/or P&O services),ຢືນຢັນວ່າ ຄົນເຈັບໄດ້ເຂົ້າຮ່ວມການປະເມີນ ແລະ ການປິ່ນປົວທີ່ສະໜອງໂດຍ ຊ່າງອົງຄະທຽມ ແລະ ເຄື່ອງຄ້ຳຊູ,Confirm person attended for assessment and treatment provided by P&O
 ເພີ່ມຄວາມອິດສະຫຼະໃນການໃຊ້ມື ແລະ ແຂນ,Increase independence using arms and hands , ການນຳສົ່ງໄປປະເມີນທີ່ສະຖານບໍລິການດ້ານການແພດຟື້ນຟູໜ້າທີ່ການ (ການບໍລິການດ້ານກາຍະບຳບັດ/ອົງຄະທຽມ&ເຄື່ອງຄ້ຳຊູ) ,Referral for assessment at rehabilitation facility (PT and/or P&O services),ຢືນຢັນການສະໜອງອົງຄະທຽມ ແລະ ເຄື່ອງຄ້ຳຊູແຂນ,Confirm provision of upper limb P&O assistive product
 ເພີ່ມຄວາມອິດສະຫຼະໃນການໃຊ້ມື ແລະ ແຂນ,Increase independence using arms and hands , ການນຳສົ່ງໄປປະເມີນທີ່ສະຖານບໍລິການດ້ານການແພດຟື້ນຟູໜ້າທີ່ການ (ການບໍລິການດ້ານກາຍະບຳບັດ/ອົງຄະທຽມ&ເຄື່ອງຄ້ຳຊູ) ,Referral for assessment at rehabilitation facility (PT and/or P&O services),ໃຫ້ຄຳແນະນຳກ່ຽວກັບການໃຊ້ອົງຄະທຽມ ແລະ ເຄື່ອງຄ້ຳຊູແຂນ,Provide advice on use upper limb P&O 
 ເພີ່ມຄວາມອິດສະຫຼະໃນການໃຊ້ມື ແລະ ແຂນ,Increase independence using arms and hands , ການນຳສົ່ງໄປປະເມີນທີ່ສະຖານບໍລິການດ້ານການແພດຟື້ນຟູໜ້າທີ່ການ (ການບໍລິການດ້ານກາຍະບຳບັດ/ອົງຄະທຽມ&ເຄື່ອງຄ້ຳຊູ) ,Referral for assessment at rehabilitation facility (PT and/or P&O services),ສົ່ງເສີມການໃຊ້ ອົງຄະທຽມ ແລະ ເຄື່ອງຄ້ຳຊູແຂນ,Encourage use of upper limb P&O 
 ເພີ່ມຄວາມອິດສະຫຼະໃນການໃຊ້ມື ແລະ ແຂນ,Increase independence using arms and hands , ການນຳສົ່ງໄປປະເມີນທີ່ສະຖານບໍລິການດ້ານການແພດຟື້ນຟູໜ້າທີ່ການ (ການບໍລິການດ້ານກາຍະບຳບັດ/ອົງຄະທຽມ&ເຄື່ອງຄ້ຳຊູ) ,Referral for assessment at rehabilitation facility (PT and/or P&O services), ຕິດຕາມການໃຊ້ ອົງຄະທຽມ ແລະ ເຄື່ອງຄ້ຳຊູແຂນ ນຳຊ່າງອົງຄະທຽມ ແລະ ເຄື່ອງຄ້ຳຊູ ຖ້າຈຳເປັນ,Monitor use of upper limb P&O (with P&O staff when needed)
 ເພີ່ມຄວາມອິດສະຫຼະໃນການໃຊ້ມື ແລະ ແຂນ,Increase independence using arms and hands , ການນຳສົ່ງໄປປະເມີນທີ່ສະຖານບໍລິການດ້ານການແພດຟື້ນຟູໜ້າທີ່ການ (ການບໍລິການດ້ານກາຍະບຳບັດ/ອົງຄະທຽມ&ເຄື່ອງຄ້ຳຊູ) ,Referral for assessment at rehabilitation facility (PT and/or P&O services), ສະໜັບສະໜູນການສ້ອມແປງອົງຄະທຽມ ແລະ ເຄື່ອງຄ້ຳຊູແຂນ,Support repairs of upper limb P&O
ເພີ່ມຄວາມອິດສະຫຼະໃນການໃຊ້ມື ແລະ ແຂນ,Increase independence using arms and hands , ການນຳສົ່ງໄປປະເມີນທີ່ສະຖານບໍລິການດ້ານການແພດຟື້ນຟູໜ້າທີ່ການ (ການບໍລິການດ້ານກາຍະບຳບັດ/ອົງຄະທຽມ&ເຄື່ອງຄ້ຳຊູ) ,Referral for assessment at rehabilitation facility (PT and/or P&O services), ສະໜອງແວ່ນສາຍຕາກ່ຽວກັບການຝຶກແອບຢູ່ບ້ານຕາມຄຳແນະນຳຂອງພະນັກງານດ້ານການແພດຟື້ນຟູໜ້າທີ່ການ,Provide visual aids on home-based exercises prescribed by rehabilitation staff
ເພີ່ມຄວາມອິດສະຫຼະໃນການໃຊ້ມື ແລະ ແຂນ,Increase independence using arms and hands , ການນຳສົ່ງໄປປະເມີນທີ່ສະຖານບໍລິການດ້ານການແພດຟື້ນຟູໜ້າທີ່ການ (ການບໍລິການດ້ານກາຍະບຳບັດ/ອົງຄະທຽມ&ເຄື່ອງຄ້ຳຊູ) ,Referral for assessment at rehabilitation facility (PT and/or P&O services), ສົ່ງເສີມໃຫ້ຝຶກແອບຢູ່ບ້ານໃຫ້ສຳເລັດຕາມຄຳແນະນຳຂອງພະນັກງານດ້ານການແພດຟື້ນຟູໜ້າທີ່ການ,Encourage completion of home-based exercises prescribed by rehabilitation staff
 ເພີ່ມຄວາມອິດສະຫຼະໃນການໃຊ້ມື ແລະ ແຂນ,Increase independence using arms and hands , ການນຳສົ່ງໄປປະເມີນທີ່ສະຖານບໍລິການດ້ານການແພດຟື້ນຟູໜ້າທີ່ການ (ການບໍລິການດ້ານກາຍະບຳບັດ/ອົງຄະທຽມ&ເຄື່ອງຄ້ຳຊູ) ,Referral for assessment at rehabilitation facility (PT and/or P&O services), ຕິດຕາມການຝຶກແອບຢູ່ບ້ານໃຫ້ສຳເລັດ ນຳພະນັກງານດ້ານການແພດຟື້ນຟູໜ້າທີ່ການ ຖ້າຈຳເປັນ,Monitor completion of home-based exercises (with rehabilitation staff when needed)
ເພີ່ມຄວາມອິດສະຫຼະໃນກິດຈະກຳການດູແລຕົນເອງ,Increase independence doing self-care activities , ໃຫ້ຄຳແນະນຳແກ່ຄອບຄົວກ່ຽວກັບວິທີການດູແລຕົນເອງແບບດັດປັບຕາມສະພາບ,Providing advice to family on adapted self-care methods, ຮັບເອົາຄຳແນະນຳຈາກພະນັກງານດ້ານການແພດຟື້ນຟູໜ້າທີ່ການກ່ຽວກັບວິທີດູແລຕົນເອງແບບປັບປຸງຕາມສະພາບ,Obtain advice from rehabilitation staff on self-care adapted methods
ເພີ່ມຄວາມອິດສະຫຼະໃນກິດຈະກຳການດູແລຕົນເອງ,Increase independence doing self-care activities , ໃຫ້ຄຳແນະນຳແກ່ຄອບຄົວກ່ຽວກັບວິທີການດູແລຕົນເອງແບບດັດປັບຕາມສະພາບ,Providing advice to family on adapted self-care methods,ສະແດງບັດດ້ວຍວິທີການດັດແປງ / ເຄື່ອງອຳນວຍຄວາມສະດວກສຳລັບກິດຈະກຳດູແລຕົນເອງທີ່ແຕກຕ່າງກັນ ນຳພະນັກງານດ້ານການແພດຟື້ນຟູໜ້າທີ່ການ ຖ້າຈຳເປັນ,Show the cards with adapted methods and/or assistive product for different self care activities (with rehabilitation staff as needed)
ເພີ່ມຄວາມອິດສະຫຼະໃນກິດຈະກຳການດູແລຕົນເອງ,Increase independence doing self-care activities , ໃຫ້ຄຳແນະນຳແກ່ຄອບຄົວກ່ຽວກັບວິທີການດູແລຕົນເອງແບບດັດປັບຕາມສະພາບ,Providing advice to family on adapted self-care methods, ປຶກສາຫາລືກັບຄອບຄົວວ່າ ແມ່ນຫຍັງສຳລັບເຄື່ອງອຳນວຍຄວາມສະດວກໃນການດູແລຕົນເອງ ທີ່ຄອບຄົວ ຫລື ຊ່າງທ້ອງຖິ່ນສາມາດເຮັດໄດ້,Discuss with the family what is feasible for self care assistive product to be made by family or local handyman 
ເພີ່ມຄວາມອິດສະຫຼະໃນກິດຈະກຳການດູແລຕົນເອງ,Increase independence doing self-care activities , ໃຫ້ຄຳແນະນຳແກ່ຄອບຄົວກ່ຽວກັບວິທີການດູແລຕົນເອງແບບດັດປັບຕາມສະພາບ,Providing advice to family on adapted self-care methods, ກະກຽມຊ່າງທ້ອງຖິ່ນເພື່ອຜະລິດເຄື່ອງອຳນວຍຄວາມສະດວກ,Organize local handyman to make self care assistive product
ເພີ່ມຄວາມອິດສະຫຼະໃນກິດຈະກຳການດູແລຕົນເອງ,Increase independence doing self-care activities , ໃຫ້ຄຳແນະນຳແກ່ຄອບຄົວກ່ຽວກັບວິທີການດູແລຕົນເອງແບບດັດປັບຕາມສະພາບ,Providing advice to family on adapted self-care methods, ຊື້ເຄື່ອງອຳນວຍຄວາມສະດວກໃນການດູແລຕົນເອງຈາກຮ້ານຂາຍຢາ,Purchase a self care assistive product from the pharmacy
ເພີ່ມຄວາມອິດສະຫຼະໃນກິດຈະກຳການດູແລຕົນເອງ,Increase independence doing self-care activities , ໃຫ້ຄຳແນະນຳແກ່ຄອບຄົວກ່ຽວກັບວິທີການດູແລຕົນເອງແບບດັດປັບຕາມສະພາບ,Providing advice to family on adapted self-care methods,ໃຫ້ຄຳແນະນຳກ່ຽວກັບການໃຊ້ ເຄື່ອງອຳນວຍຄວາມສະດວກໃນການດູແລຕົນເອງ,Provide advice on use of self care assistive product 
ເພີ່ມຄວາມອິດສະຫຼະໃນກິດຈະກຳການດູແລຕົນເອງ,Increase independence doing self-care activities , ໃຫ້ຄຳແນະນຳແກ່ຄອບຄົວກ່ຽວກັບວິທີການດູແລຕົນເອງແບບດັດປັບຕາມສະພາບ,Providing advice to family on adapted self-care methods,ສົ່ງເສີມການໃຊ້ ເຄື່ອງອຳນວຍຄວາມສະດວກໃນການດູແລຕົນເອງ / ວິທີການດັດແປງ,Encourage use of self care assistive product and/or adapted method 
ເພີ່ມຄວາມອິດສະຫຼະໃນກິດຈະກຳການດູແລຕົນເອງ,Increase independence doing self-care activities , ໃຫ້ຄຳແນະນຳແກ່ຄອບຄົວກ່ຽວກັບວິທີການດູແລຕົນເອງແບບດັດປັບຕາມສະພາບ,Providing advice to family on adapted self-care methods, ຕິດຕາມການໃຊ້ເຄື່ອງອຳນວຍຄວາມສະດວກໃນການດູແລຕົນເອງ ຫຼື ວິທີການປັບປຸງ ນຳພະນັກງານການແພດຟື້ນຟູໜ້າທີ່ການ ຕາມຄວາມຈຳເປັນ,Monitor use of self-care assistive product and/or adapted method (with rehabilitation staff as needed)
ເພີ່ມຄວາມອິດສະຫຼະໃນກິດຈະກຳການດູແລຕົນເອງ,Increase independence doing self-care activities , ໃຫ້ຄຳແນະນຳແກ່ຄອບຄົວກ່ຽວກັບວິທີການດູແລຕົນເອງແບບດັດປັບຕາມສະພາບ,Providing advice to family on adapted self-care methods,ສະໜັບສະໜູນການສ້ອມແປງເຄື່ອງອຳນວຍຄວາມສະດວກໃນການດູແລຕົນເອງ ຖ້າຈຳເປັນ ນຳພະນັກງານດ້ານການແພດຟື້ນຟູໜ້າທີ່ການ,Support repairs of self care assistive product if needed (with rehabilita
ເພີ່ມຄວາມອິດສະຫຼະໃນກິດຈະກຳການດູແລຕົນເອງ,Increase independence doing self-care activities ,ການປັບປຸງການເຂົ້າເຖິງສະພາບແວດລ້ອມພາຍໃນເຮືອນ,Adjusting accessibility of home environment, ຮັບເອົາຄຳແນະນຳຈາກພະນັກງານດ້ານການແພດຟື້ນຟູໜ້າທີ່ການກ່ຽວກັບການປັບປຸງການເຂົ້າເຖິງ,Obtain advice from rehabilitation staff on accessibility adjustments
ເພີ່ມຄວາມອິດສະຫຼະໃນກິດຈະກຳການດູແລຕົນເອງ,Increase independence doing self-care activities ,ການປັບປຸງການເຂົ້າເຖິງສະພາບແວດລ້ອມພາຍໃນເຮືອນ,Adjusting accessibility of home environment,ສະແດງຮູບຖ່າຍ ໃຫ້ຄອບຄົວເບິ່ງ ກ່ຽວກັບການປັບປຸງການເຂົ້າເຖິງສຳລັບປັບປຸງການເຄື່ອນໄຫວ ແລະ ການໃຊ້ຝັກບົວ/ ຫ້ອງນ້ຳ / ບໍລິເວນຫ້ອງນອນ (ກັບພະນັກງານດ້ານການແພດຟື້ນຟູໜ້າທີ່ການ ຖ້າຈຳເປັນ) ,Show the family pictures on accessibility adjustments for improving movement and use of shower/ toilet/ bedroom area (with rehabilitation staff when needed)
ເພີ່ມຄວາມອິດສະຫຼະໃນກິດຈະກຳການດູແລຕົນເອງ,Increase independence doing self-care activities ,ການປັບປຸງການເຂົ້າເຖິງສະພາບແວດລ້ອມພາຍໃນເຮືອນ,Adjusting accessibility of home environment,ປຶກສາຫາລືກັບຄອບຄົວວ່າ ແມ່ນຫຍັງທີ່ຄອບຄົວ ຫລື ຊ່າງທ້ອງຖິ່ນສາມາດເຮັດໄດ້,Discuss with the family what is feasible to be made by family or local handyman
ເພີ່ມຄວາມອິດສະຫຼະໃນກິດຈະກຳການດູແລຕົນເອງ,Increase independence doing self-care activities ,ການປັບປຸງການເຂົ້າເຖິງສະພາບແວດລ້ອມພາຍໃນເຮືອນ,Adjusting accessibility of home environment,ສົນທະນາກ່ຽວກັບ ຄວາມສ່ຽງດ້ານສິ່ງແວດລ້ອມ ແລະ ກິດຈະກໍາ ຮ່ວມກັບຄອບຄົວ,Discuss environmental risks and action with family as needed
ເພີ່ມຄວາມອິດສະຫຼະໃນກິດຈະກຳການດູແລຕົນເອງ,Increase independence doing self-care activities ,ການປັບປຸງການເຂົ້າເຖິງສະພາບແວດລ້ອມພາຍໃນເຮືອນ,Adjusting accessibility of home environment, ໃຫ້ຄຳແນະນຳກ່ຽວກັບວິທີການປັບປຸງ ແລະ ວັດຖຸທີ່ຈຳເປັນ,Provide advice on how to do adjustments and materials needed
ເພີ່ມຄວາມອິດສະຫຼະໃນກິດຈະກຳການດູແລຕົນເອງ,Increase independence doing self-care activities ,ການປັບປຸງການເຂົ້າເຖິງສະພາບແວດລ້ອມພາຍໃນເຮືອນ,Adjusting accessibility of home environment, ຢືນຢັນການປັບປຸງເຮືອນສຳເລັດໂດຍຄອບຄົວ ຫລື ຊ່າງທ້ອງຖິ່ນ,Confirm completion of house adjustments  by family or local handyman
ເພີ່ມຄວາມອິດສະຫຼະໃນກິດຈະກຳການດູແລຕົນເອງ,Increase independence doing self-care activities ,ການປັບປຸງການເຂົ້າເຖິງສະພາບແວດລ້ອມພາຍໃນເຮືອນ,Adjusting accessibility of home environment, ສົ່ງເສີມການໃຊ້ການປັບປຸງການເຂົ້າເຖິງ,Encourage use of accessibility modification
ເພີ່ມຄວາມອິດສະຫຼະໃນກິດຈະກຳການດູແລຕົນເອງ,Increase independence doing self-care activities ,ການປັບປຸງການເຂົ້າເຖິງສະພາບແວດລ້ອມພາຍໃນເຮືອນ,Adjusting accessibility of home environment, ຕິດຕາມການໃຊ້ການປັບປຸງການເຂົ້າເຖິງ ກັບພະນັກງານດ້ານການແພດຟື້ນຟູໜ້າທີ່ການ,Monitor use of accessibility modification (with rehabilitation staff when needed)
 ເພີ່ມທັກສະການຮັບຮູ້,Increase cognitive skills ,ການນຳສົ່ງໄປຫາຊ່ຽວຊານ,Referral to specialist services, ກວດກາເບິ່ງຄວາມພ້ອມດ້ານບໍລິການ ແລະ ກຳນົດການນັດໝາຍ,Check availability of service and schedule of appointments
 ເພີ່ມທັກສະການຮັບຮູ້,Increase cognitive skills ,ການນຳສົ່ງໄປຫາຊ່ຽວຊານ,Referral to specialist services, ຂໍຄວາມຍິນຍອມຈາກຄົນເຈັບ ແລະ ຄອບຄົວເພື່ອນຳສົ່ງຄົນເຈັບ,Get informed consent from person and the family for referral
 ເພີ່ມທັກສະການຮັບຮູ້,Increase cognitive skills ,ການນຳສົ່ງໄປຫາຊ່ຽວຊານ,Referral to specialist services,ຈັດກຽມການສົ່ງຕໍ່ໄປຍັງ ຜູ້ສະໜອງບໍລິການປິ່ນປົວ,Organize referral to service provider
 ເພີ່ມທັກສະການຮັບຮູ້,Increase cognitive skills ,ການນຳສົ່ງໄປຫາຊ່ຽວຊານ,Referral to specialist services, ໃຫ້ການສະໜັບສະຫນູນທາງດ້ານການເງິນ (ການຂົນສົ່ງ / ຄ່າໃຊ້ຈ່າຍອື່ນໆ) ຖ້າຈຳເປັນ,Provide financial support (transport and /or other costs) if needed
 ເພີ່ມທັກສະການຮັບຮູ້,Increase cognitive skills ,ການນຳສົ່ງໄປຫາຊ່ຽວຊານ,Referral to specialist services,ຢືນຢັນວ່າ ຄົນເຈັບໄດ້ເຂົ້າຮ່ວມການປະເມີນ ແລະ ການປິ່ນປົວທີ່ໄດ້ຮັບຈາກຜູ້ສະໜອງບໍລິການ,Confirm attendance at assesment and/or treatment received with service provider
 ເພີ່ມທັກສະການຮັບຮູ້,Increase cognitive skills ,ການນຳສົ່ງໄປຫາຊ່ຽວຊານ,Referral to specialist services, ສົ່ງເສີມໃຫ້ຄົນເຈັບ ແລະ ຄອບຄົວປະຕິບັດຕາມຄຳແນະນຳຂອງຜູ້ສະໜອງບໍລິການ,Encourage person and family to follow advice prescribed by service provider
 ເພີ່ມທັກສະການຮັບຮູ້,Increase cognitive skills ,ການນຳສົ່ງໄປຫາ ຊ່ຽວຊານ,Referral to specialist services, ຕິດຕາມຜົນຂອງການປິ່ນປົວນຳຜູ້ສະໜອງບໍລິການ,Monitor outcome of treatment with service provider
ເພີ່ມຄວາມອິດສະຫຼະໃນກິດຈະກຳປະຈຳວັນ,Increase independence doing activities of daily living ,ໃຫ້ຄຳແນະນຳແກ່ ຄົນເຈັບ ແລະ ຄອບຄົວກ່ຽວກັບວິທີການແບບດັດປັບໃນກິດຈະວັດປະຈຳວັນ,Providing advice to person and family on adapted methods for activities of daily living (ADL),ຮັບເອົາຄຳແນະນຳຈາກພະນັກງານດ້ານການແພດຟື້ນຟູໜ້າທີ່ການກ່ຽວກັບວິທີການປັບປຸງກິິດຈະກຳປະຈຳວັນ,Obtain advice from rehabilitation staff on ADL adapted methods
ເພີ່ມຄວາມອິດສະຫຼະໃນກິດຈະກຳປະຈຳວັນ,Increase independence doing activities of daily living ,ໃຫ້ຄຳແນະນຳແກ່ ຄົນເຈັບ ແລະ ຄອບຄົວກ່ຽວກັບວິທີການແບບດັດປັບໃນກິດຈະວັດປະຈຳວັນ,Providing advice to person and family on adapted methods for activities of daily living (ADL), ສະແດງບັດທີ່ມີວິທີການປັບປຸງ / ອຸປະກອນອຳນວຍຄວາມສະດວກສຳລັບກິດຈະກຳປະຈຳວັນທີ່ແຕກຕ່າງກັນ,Show the cards with adapted methods and/or assistive product for different ADL activities
ເພີ່ມຄວາມອິດສະຫຼະໃນກິດຈະກຳປະຈຳວັນ,Increase independence doing activities of daily living ,ໃຫ້ຄຳແນະນຳແກ່ ຄົນເຈັບ ແລະ ຄອບຄົວກ່ຽວກັບວິທີການແບບດັດປັບໃນກິດຈະວັດປະຈຳວັນ,Providing advice to person and family on adapted methods for activities of daily living (ADL), ປຶກສາຫາລືກັບຄອບຄົວວ່າ ແມ່ນຫຍັງທີ່ຄອບຄົວ ຫລື ຊ່າງທ້ອງຖິ່ນສາມາດເຮັດໄດ້,Discuss with the family what is feasible for ADL assistive product to be made by family or local handyman 
ເພີ່ມຄວາມອິດສະຫຼະໃນກິດຈະກຳປະຈຳວັນ,Increase independence doing activities of daily living ,ໃຫ້ຄຳແນະນຳແກ່ ຄົນເຈັບ ແລະ ຄອບຄົວກ່ຽວກັບວິທີການແບບດັດປັບໃນກິດຈະວັດປະຈຳວັນ,Providing advice to person and family on adapted methods for activities of daily living (ADL), ໃຫ້ຊ່າງທ້ອງຖິ່ນຜະລິດເຄື່ອງອຳນວຍຄວາມສະດວກໃນກິດຈະກຳປະຈຳວັນ,Organize local handyman to make ADL assistive product
ເພີ່ມຄວາມອິດສະຫຼະໃນກິດຈະກຳປະຈຳວັນ,Increase independence doing activities of daily living ,ໃຫ້ຄຳແນະນຳແກ່ ຄົນເຈັບ ແລະ ຄອບຄົວກ່ຽວກັບວິທີການແບບດັດປັບໃນກິດຈະວັດປະຈຳວັນ,Providing advice to person and family on adapted methods for activities of daily living (ADL), ຊື້ເຄື່ອງອຳນວຍຄວາມສະດວກໃນກິດຈະກຳປະຈຳວັນຈາກຮ້ານຂາຍຢາ,Purchase an ADL assistive product from the pharmacy
ເພີ່ມຄວາມອິດສະຫຼະໃນກິດຈະກຳປະຈຳວັນ,Increase independence doing activities of daily living ,ໃຫ້ຄຳແນະນຳແກ່ ຄົນເຈັບ ແລະ ຄອບຄົວກ່ຽວກັບວິທີການແບບດັດປັບໃນກິດຈະວັດປະຈຳວັນ,Providing advice to person and family on adapted methods for activities of daily living (ADL),ໃຫ້ຄຳແນະກ່ຽວກັບການໃຊ້ ເຄື່ອງອຳນວຍຄວາມສະດວກໃນກິດຈະກຳປະຈຳວັນ,Provide advice on use of ADL assistive product 
ເພີ່ມຄວາມອິດສະຫຼະໃນກິດຈະກຳປະຈຳວັນ,Increase independence doing activities of daily living ,ໃຫ້ຄຳແນະນຳແກ່ ຄົນເຈັບ ແລະ ຄອບຄົວກ່ຽວກັບວິທີການແບບດັດປັບໃນກິດຈະວັດປະຈຳວັນ,Providing advice to person and family on adapted methods for activities of daily living (ADL), ສົ່ງເສີມໃຫ້ໃຊ້ເຄື່ອງອຳນວຍຄວາມສະດວກໃນກິດຈະກຳປະຈຳວັນ ຫຼື ວິທີການປັບປຸງ,Encourage use of ADL assistive product and/or adapted method 
ເພີ່ມຄວາມອິດສະຫຼະໃນກິດຈະກຳປະຈຳວັນ,Increase independence doing activities of daily living ,ໃຫ້ຄຳແນະນຳແກ່ ຄົນເຈັບ ແລະ ຄອບຄົວກ່ຽວກັບວິທີການແບບດັດປັບໃນກິດຈະວັດປະຈຳວັນ,Providing advice to person and family on adapted methods for activities of daily living (ADL), ຕິດຕາມການໃຊ້ເຄື່ອງອຳນວຍຄວາມສະດວກໃນກິດຈະກຳປະຈຳວັນ ຫຼື ວິທີການປັບປຸງ ນຳພະນັກງານດ້ານການແພດຟື້ນຟູໜ້າທີ່ການ,Monitor use of ADL assistive product and/or adapted method (with rehabilitation staff when needed)
ເພີ່ມຄວາມອິດສະຫຼະໃນກິດຈະກຳປະຈຳວັນ,Increase independence doing activities of daily living ,ໃຫ້ຄຳແນະນຳແກ່ ຄົນເຈັບ ແລະ ຄອບຄົວກ່ຽວກັບວິທີການແບບດັດປັບໃນກິດຈະວັດປະຈຳວັນ,Providing advice to person and family on adapted methods for activities of daily living (ADL), ສະໜັບສະໜູນການສ້ອມແປງເຄື່ອງອຳນວຍຄວາມສະດວກໃນກິດຈະວັດປະຈຳວັນ ຖ້າຈຳເປັນ,Support repairs of ADL assistive product if needed
ເພີ່ມຄວາມອິດສະຫຼະໃນກິດຈະກຳປະຈຳວັນ,Increase independence doing activities of daily living ,ການປັບປຸງການເຂົ້າເຖິງສະພາບແວດລ້ອມພາຍໃນເຮືອນ,Adjusting accessibility of home environment, ຮັບເອົາຄຳແນະນຳຈາກພະນັກງານດ້ານການແພດຟື້ນຟູໜ້າທີ່ການກ່ຽວກັບການປັບປຸງການເຂົ້າເຖິງ,Obtain advice from rehabilitation staff on accessibility adjustments
ເພີ່ມຄວາມອິດສະຫຼະໃນກິດຈະກຳປະຈຳວັນ,Increase independence doing activities of daily living ,ການປັບປຸງການເຂົ້າເຖິງສະພາບແວດລ້ອມພາຍໃນເຮືອນ,Adjusting accessibility of home environment,"ສະແດງຮູບຖ່າຍ ໃຫ້ຄອບຄົວເບິ່ງ ກ່ຽວກັບການປັບປຸງການເຂົ້າເຖິງສຳລັບປັບປຸງການເຄື່ອນໄຫວ ແລະ ການໃຊ້ສະພາບແວດລ້ອມພາຍໃນເຮືອນ (ເຮືອນຄົວ, ປ້ຳນ້ຳ ແລະ ອື່ນໆ) (ກັບພະນັກງານດ້ານການແພດຟື້ນຟູໜ້າທີ່ການ ຖ້າຈຳເປັນ) ","Show the family pictures on accessibility adjustments for improving movement and use of the home environment (kitchen, water pump, etc.) (with rehabilitation staff when needed)"
ເພີ່ມຄວາມອິດສະຫຼະໃນກິດຈະກຳປະຈຳວັນ,Increase independence doing activities of daily living ,ການປັບປຸງການເຂົ້າເຖິງສະພາບແວດລ້ອມພາຍໃນເຮືອນ,Adjusting accessibility of home environment,ປຶກສາຫາລືກັບຄອບຄົວວ່າ ແມ່ນຫຍັງທີ່ຄອບຄົວ ຫລື ຊ່າງທ້ອງຖິ່ນສາມາດເຮັດໄດ້,Discuss with the family what is feasible to be made by family or local handyman
ເພີ່ມຄວາມອິດສະຫຼະໃນກິດຈະກຳປະຈຳວັນ,Increase independence doing activities of daily living ,ການປັບປຸງການເຂົ້າເຖິງສະພາບແວດລ້ອມພາຍໃນເຮືອນ,Adjusting accessibility of home environment,ສົນທະນາກ່ຽວກັບ ຄວາມສ່ຽງດ້ານສິ່ງແວດລ້ອມ ແລະ ກິດຈະກໍາ ຮ່ວມກັບຄອບຄົວ,Discuss environmental risks and action with family as needed
ເພີ່ມຄວາມອິດສະຫຼະໃນກິດຈະກຳປະຈຳວັນ,Increase independence doing activities of daily living ,ການປັບປຸງການເຂົ້າເຖິງສະພາບແວດລ້ອມພາຍໃນເຮືອນ,Adjusting accessibility of home environment, ໃຫ້ຄຳແນະນຳກ່ຽວກັບວິທີການປັບປຸງ ແລະ ວັດຖຸທີ່ຈຳເປັນ,Provide advice on how to do adjustments and materials needed
ເພີ່ມຄວາມອິດສະຫຼະໃນກິດຈະກຳປະຈຳວັນ,Increase independence doing activities of daily living ,ການປັບປຸງການເຂົ້າເຖິງສະພາບແວດລ້ອມພາຍໃນເຮືອນ,Adjusting accessibility of home environment, ຢືນຢັນການປັບປຸງເຮືອນສຳເລັດໂດຍຄອບຄົວ ຫລື ຊ່າງທ້ອງຖິ່ນ,Confirm completion of house adjustments  by family or local handyman
ເພີ່ມຄວາມອິດສະຫຼະໃນກິດຈະກຳປະຈຳວັນ,Increase independence doing activities of daily living ,ການປັບປຸງການເຂົ້າເຖິງສະພາບແວດລ້ອມພາຍໃນເຮືອນ,Adjusting accessibility of home environment,ສົ່ງເສີມການໃຊ້ການປັບປຸງການເຂົ້າເຖິງ,Encourage use of accessibility modification
ເພີ່ມຄວາມອິດສະຫຼະໃນກິດຈະກຳປະຈຳວັນ,Increase independence doing activities of daily living ,ການປັບປຸງການເຂົ້າເຖິງສະພາບແວດລ້ອມພາຍໃນເຮືອນ,Adjusting accessibility of home environment, ຕິດຕາມການໃຊ້ການປັບປຸງການເຂົ້າເຖິງ ກັບພະນັກງານດ້ານການແພດຟື້ນຟູໜ້າທີ່ການ,Monitor use of accessibility modification (with rehabilitation staff when needed)
ເພີ່ມຄວາມອິດສະຫຼະໃນການຫຼີ້ນ,Increase independence playing  , ໃຫ້ຄຳແນະນຳໃນການນຳໃຊ້ເຄື່ອງຫຼິ້ນ ທີ່ຊ່ວຍກະຕຸ້ນພັດທະນາການ,Providing advice on use of stimulation toys , ຮັບເອົາແນະນຳຈາກພະນັກງານດ້ານການແພດຟື້ນຟູໜ້າທີ່ການກ່ຽວກັບການຫຼີ້ນເຄື່ອງທີ່ເໝາະສົມສຳລັບເດັກ,Obtain advice from rehabilitation staff on appropriate stimulation toys for child
ເພີ່ມຄວາມອິດສະຫຼະໃນການຫຼີ້ນ,Increase independence playing  , ໃຫ້ຄຳແນະນຳໃນການນຳໃຊ້ເຄື່ອງຫຼິ້ນ ທີ່ຊ່ວຍກະຕຸ້ນພັດທະນາການ,Providing advice on use of stimulation toys ,ສະແດງໃຫ້ຄອບຄົວເຫັນລາຍການເຄື່ອງຫລິ້ນກະຕຸ້ນປະ​ເພດ​ຕ່າງໆ,Show the family the illustrated list of stimulation toys
ເພີ່ມຄວາມອິດສະຫຼະໃນການຫຼີ້ນ,Increase independence playing  , ໃຫ້ຄຳແນະນຳໃນການນຳໃຊ້ເຄື່ອງຫຼິ້ນ ທີ່ຊ່ວຍກະຕຸ້ນພັດທະນາການ,Providing advice on use of stimulation toys ,ປຶກສາຫາລືກັບຄອບຄົວວ່າ ແມ່ນຫຍັງທີ່ຄອບຄົວ ຫລື ຊ່າງທ້ອງຖິ່ນສາມາດເຮັດໄດ້   ,Discuss with family what is feasible to be made by family or local handyman 
ເພີ່ມຄວາມອິດສະຫຼະໃນການຫຼີ້ນ,Increase independence playing  , ໃຫ້ຄຳແນະນຳໃນການນຳໃຊ້ເຄື່ອງຫຼິ້ນ ທີ່ຊ່ວຍກະຕຸ້ນພັດທະນາການ,Providing advice on use of stimulation toys , ການຜະລິດເຄື່ອງອຳນວຍຄວາມສະດວກ(ເຄື່ອງຫຼີ້ນ) ໂດຍຊ່າງທ່້ອງຖິ່ນ,Production of simple assistive product (toy) by identified local handyman.
ເພີ່ມຄວາມອິດສະຫຼະໃນການຫຼີ້ນ,Increase independence playing  , ໃຫ້ຄຳແນະນຳໃນການນຳໃຊ້ເຄື່ອງຫຼິ້ນ ທີ່ຊ່ວຍກະຕຸ້ນພັດທະນາການ,Providing advice on use of stimulation toys ,ຫລືຊື້ເຄື່ອງຫລິ້ນກະຕຸ້ນຈາກຮ້ານຂາຍເຄື່ອງ,OR Purchase the selected stimulation toys  in a shop
ເພີ່ມຄວາມອິດສະຫຼະໃນການຫຼີ້ນ,Increase independence playing  , ໃຫ້ຄຳແນະນຳໃນການນຳໃຊ້ເຄື່ອງຫຼິ້ນ ທີ່ຊ່ວຍກະຕຸ້ນພັດທະນາການ,Providing advice on use of stimulation toys ,ຝຶກສອນຄົນເຈັບ ແລະ ຜູ້ດູແລໃຫ້ຝຶກແອບການຫຼີ້ນຢູ່ທີ່ບ້ານ ແລະ ການໃຊ້ເຄື່ອງອຳນວຍຄວາມສະດວກນຳໃຊ້ພະນັກງານສາທາລະນະສຸກ,Coach person and caregiver to do home based play exercises and use assistive product with health staff
ເພີ່ມຄວາມອິດສະຫຼະໃນການຫຼີ້ນ,Increase independence playing  , ໃຫ້ຄຳແນະນຳໃນການນຳໃຊ້ເຄື່ອງຫຼິ້ນ ທີ່ຊ່ວຍກະຕຸ້ນພັດທະນາການ,Providing advice on use of stimulation toys ,ຕິດຕາມ ແລະ ກະຕຸ້ນເດັກນ້ອຍ ແລະ ຄອບຄົວໃຫ້ຫລິ້ນກັບຕຸກະຕາ ນຳພະນັກງານດ້ານການແພດຟື້ນຟູໜ້າທີ່ການ,Encourage and monitor the child and the family to play with toys with health staff
ເພີ່ມຄວາມອິດສະຫຼະໃນການຫຼີ້ນ,Increase independence playing  , ເຂົ້າຮ່ວມຫລິ້ນເກມກັບເດັກນ້ອຍໃນໝູ່ບ້ານ,Participating in village children games , ປຶກສາກັບຄອບຄົວເພື່ອສະໜອງໂອກາດໃຫ້ແກ່ເດັກນ້ອຍໄດ້ຫລິ້ນກັບເດັກນ້ອຍຄົນອື່ນໃນໝູ່ບ້ານ,Discuss with the family to provide opportunity for the child to play with other children in the village
ເພີ່ມຄວາມອິດສະຫຼະໃນການຫຼີ້ນ,Increase independence playing  , ເຂົ້າຮ່ວມຫລິ້ນເກມກັບເດັກນ້ອຍໃນໝູ່ບ້ານ,Participating in village children games ,ຕິດຕາມ ແລະ ກະຕຸ້ນເດັກນ້ອຍ ແລະ ຄອບຄົວໃຫ້ເຂົ້າຮ່ວມຫລິ້ນເກມກັບເດັກນ້ອຍໃນໝູ່ບ້ານ,Encourage and monitor the child and the family to take part of village children games 
 ເພີ່ມຄວາມອິດສະຫຼະໃນການປະພຶດ,Increase independence behaving ,ການນຳສົ່ງໄປຫາຊ່ຽວຊານ,Referral to specialist services,ກວດກາເບິ່ງຄວາມພ້ອມດ້ານບໍລິການ ແລະ ກຳນົດການນັດໝາຍ,Check availability of service and schedule of appointments
 ເພີ່ມຄວາມອິດສະຫຼະໃນການປະພຶດ,Increase independence behaving ,ການນຳສົ່ງໄປຫາຊ່ຽວຊານ,Referral to specialist services, ຂໍຄວາມຍິນຍອມຈາກຄົນເຈັບ ແລະ ຄອບຄົວເພື່ອນຳສົ່ງຄົນເຈັບ,Get informed consent from person and the family for referral
 ເພີ່ມຄວາມອິດສະຫຼະໃນການປະພຶດ,Increase independence behaving ,ການນຳສົ່ງໄປຫາຊ່ຽວຊານ,Referral to specialist services,ຈັດກຽມການສົ່ງຕໍ່ໄປຍັງ ຜູ້ສະໜອງບໍລິການປິ່ນປົວ,Organize referral to service provider
 ເພີ່ມຄວາມອິດສະຫຼະໃນການປະພຶດ,Increase independence behaving ,ການນຳສົ່ງໄປຫາຊ່ຽວຊານ,Referral to specialist services,ໃຫ້ການສະໜັບສະຫນູນທາງດ້ານການເງິນ (ການຂົນສົ່ງ / ຄ່າໃຊ້ຈ່າຍອື່ນໆ) ຖ້າຈຳເປັນ,Provide financial support (transport and /or other costs) if needed
 ເພີ່ມຄວາມອິດສະຫຼະໃນການປະພຶດ,Increase independence behaving ,ການນຳສົ່ງໄປຫາຊ່ຽວຊານ,Referral to specialist services, ຢືນຢັນວ່າ ຄົນເຈັບໄດ້ເຂົ້າຮ່ວມການປະເມີນ ແລະ ການປິ່ນປົວທີ່ໄດ້ຮັບຈາກຜູ້ສະໜອງບໍລິການ,Confirm attendance at assesment and/or treatment received with service provider
 ເພີ່ມຄວາມອິດສະຫຼະໃນການປະພຶດ,Increase independence behaving ,ການນຳສົ່ງໄປຫາຊ່ຽວຊານ,Referral to specialist services,ສົ່ງເສີມໃຫ້ຄົນເຈັບ ແລະ ຄອບຄົວປະຕິບັດຕາມຄຳແນະນຳຂອງຜູ້ສະໜອງບໍລິການ,Encourage person and family to follow advice prescribed by service provider
 ເພີ່ມຄວາມອິດສະຫຼະໃນການປະພຶດ,Increase independence behaving ,Referral to specialist services,Referral to specialist services,ຕິດຕາມຜົນຂອງການປິ່ນປົວນຳຜູ້ສະໜອງບໍລິການ,Monitor outcome of treatment with service provider
